region;dm_method;lag;models_params;predictors_dict;selected_predictors;features_importance;accuracy. mean;recall. mean;fscore. mean;accuracy. std;recall. std;fscore. std
LeftSTS;None_136;6;{'strategy': 'stratified', 'random_state': 5};['Overlap_I', 'Neutral_I', 'Polarity_I', 'SpeechRate_I', 'SpeechActivity_I', 'UnionSocioItems_P', 'Happy_I', 'ReactionTime_P', 'Feedbacks_P', 'Gaze_speed_P', 'Gaze_movement_energy_P', 'SpeechRate_P', 'Subjectivity_P', 'UnionSocioItems_I', 'LexicalRichness_P', 'Saccades_P', 'Angry_I', 'LexicalRichness_I', 'Eyes_looks_P', 'AU_eyes_I', 'ReactionTime_I', 'TypeTokenRatio_I', 'Subjectivity_I', 'Sad_I', 'Mouth_looks_P', 'TypeTokenRatio_P', 'Polarity_P', 'AU_all_I', 'Smiles_I', 'Face_looks_P', 'SpeechActivity_P', 'AUs_mouth_I'];['IPU_P_t6', 'IPU_P_t5', 'IPU_P_t4', 'IPU_P_t3', 'disc_IPU_P_t6', 'disc_IPU_P_t5', 'disc_IPU_P_t4', 'disc_IPU_P_t3', 'ReactionTime_P_t6', 'ReactionTime_P_t5', 'ReactionTime_P_t4', 'ReactionTime_P_t3', 'Feedbacks_P_t6', 'Feedbacks_P_t5', 'Feedbacks_P_t4', 'Feedbacks_P_t3', 'UnionSocioItems_P_t6', 'UnionSocioItems_P_t5', 'UnionSocioItems_P_t4', 'UnionSocioItems_P_t3', 'LexicalRichness_P_t6', 'LexicalRichness_P_t5', 'LexicalRichness_P_t4', 'LexicalRichness_P_t3', 'TypeTokenRatio_P_t6', 'TypeTokenRatio_P_t5', 'TypeTokenRatio_P_t4', 'TypeTokenRatio_P_t3', 'SpeechRate_P_t6', 'SpeechRate_P_t5', 'SpeechRate_P_t4', 'SpeechRate_P_t3', 'Polarity_P_t6', 'Polarity_P_t5', 'Polarity_P_t4', 'Polarity_P_t3', 'Subjectivity_P_t6', 'Subjectivity_P_t5', 'Subjectivity_P_t4', 'Subjectivity_P_t3', 'IPU_I_t6', 'IPU_I_t5', 'IPU_I_t4', 'IPU_I_t3', 'disc_IPU_I_t6', 'disc_IPU_I_t5', 'disc_IPU_I_t4', 'disc_IPU_I_t3', 'Overlap_I_t6', 'Overlap_I_t5', 'Overlap_I_t4', 'Overlap_I_t3', 'ReactionTime_I_t6', 'ReactionTime_I_t5', 'ReactionTime_I_t4', 'ReactionTime_I_t3', 'UnionSocioItems_I_t6', 'UnionSocioItems_I_t5', 'UnionSocioItems_I_t4', 'UnionSocioItems_I_t3', 'LexicalRichness_I_t6', 'LexicalRichness_I_t5', 'LexicalRichness_I_t4', 'LexicalRichness_I_t3', 'TypeTokenRatio_I_t6', 'TypeTokenRatio_I_t5', 'TypeTokenRatio_I_t4', 'TypeTokenRatio_I_t3', 'SpeechRate_I_t6', 'SpeechRate_I_t5', 'SpeechRate_I_t4', 'SpeechRate_I_t3', 'Polarity_I_t6', 'Polarity_I_t5', 'Polarity_I_t4', 'Polarity_I_t3', 'Subjectivity_I_t6', 'Subjectivity_I_t5', 'Subjectivity_I_t4', 'Subjectivity_I_t3', 'Smiles_I_t6', 'Smiles_I_t5', 'Smiles_I_t4', 'Smiles_I_t3', 'AUs_mouth_I_t6', 'AUs_mouth_I_t5', 'AUs_mouth_I_t4', 'AUs_mouth_I_t3', 'AU_eyes_I_t6', 'AU_eyes_I_t5', 'AU_eyes_I_t4', 'AU_eyes_I_t3', 'AU_all_I_t6', 'AU_all_I_t5', 'AU_all_I_t4', 'AU_all_I_t3', 'Angry_I_t6', 'Angry_I_t5', 'Angry_I_t4', 'Angry_I_t3', 'Happy_I_t6', 'Happy_I_t5', 'Happy_I_t4', 'Happy_I_t3', 'Sad_I_t6', 'Sad_I_t5', 'Sad_I_t4', 'Sad_I_t3', 'Neutral_I_t6', 'Neutral_I_t5', 'Neutral_I_t4', 'Neutral_I_t3', 'Gaze_speed_P_t6', 'Gaze_speed_P_t5', 'Gaze_speed_P_t4', 'Gaze_speed_P_t3', 'Gaze_movement_energy_P_t6', 'Gaze_movement_energy_P_t5', 'Gaze_movement_energy_P_t4', 'Gaze_movement_energy_P_t3', 'Saccades_P_t6', 'Saccades_P_t5', 'Saccades_P_t4', 'Saccades_P_t3', 'Face_looks_P_t6', 'Face_looks_P_t5', 'Face_looks_P_t4', 'Face_looks_P_t3', 'Mouth_looks_P_t6', 'Mouth_looks_P_t5', 'Mouth_looks_P_t4', 'Mouth_looks_P_t3', 'Eyes_looks_P_t6', 'Eyes_looks_P_t5', 'Eyes_looks_P_t4', 'Eyes_looks_P_t3'];[];0.5054753599920436;0.5044326241134752;0.5064688246451199;0.016581753152577417;0.01664846976280902;0.03405048395601293
RightSTS;None_136;6;{'strategy': 'stratified', 'random_state': 5};['Feedbacks_P', 'UnionSocioItems_P', 'Subjectivity_I', 'Overlap_I', 'Face_looks_P', 'Eyes_looks_P', 'Polarity_I', 'Angry_I', 'LexicalRichness_P', 'SpeechRate_P', 'Sad_I', 'TypeTokenRatio_I', 'Subjectivity_P', 'AU_all_I', 'Polarity_P', 'AU_eyes_I', 'SpeechActivity_I', 'Smiles_I', 'ReactionTime_I', 'UnionSocioItems_I', 'ReactionTime_P', 'LexicalRichness_I', 'Saccades_P', 'Gaze_speed_P', 'TypeTokenRatio_P', 'Gaze_movement_energy_P', 'Mouth_looks_P', 'SpeechActivity_P', 'SpeechRate_I', 'Happy_I', 'AUs_mouth_I', 'Neutral_I'];['IPU_P_t6', 'IPU_P_t5', 'IPU_P_t4', 'IPU_P_t3', 'disc_IPU_P_t6', 'disc_IPU_P_t5', 'disc_IPU_P_t4', 'disc_IPU_P_t3', 'ReactionTime_P_t6', 'ReactionTime_P_t5', 'ReactionTime_P_t4', 'ReactionTime_P_t3', 'Feedbacks_P_t6', 'Feedbacks_P_t5', 'Feedbacks_P_t4', 'Feedbacks_P_t3', 'UnionSocioItems_P_t6', 'UnionSocioItems_P_t5', 'UnionSocioItems_P_t4', 'UnionSocioItems_P_t3', 'LexicalRichness_P_t6', 'LexicalRichness_P_t5', 'LexicalRichness_P_t4', 'LexicalRichness_P_t3', 'TypeTokenRatio_P_t6', 'TypeTokenRatio_P_t5', 'TypeTokenRatio_P_t4', 'TypeTokenRatio_P_t3', 'SpeechRate_P_t6', 'SpeechRate_P_t5', 'SpeechRate_P_t4', 'SpeechRate_P_t3', 'Polarity_P_t6', 'Polarity_P_t5', 'Polarity_P_t4', 'Polarity_P_t3', 'Subjectivity_P_t6', 'Subjectivity_P_t5', 'Subjectivity_P_t4', 'Subjectivity_P_t3', 'IPU_I_t6', 'IPU_I_t5', 'IPU_I_t4', 'IPU_I_t3', 'disc_IPU_I_t6', 'disc_IPU_I_t5', 'disc_IPU_I_t4', 'disc_IPU_I_t3', 'Overlap_I_t6', 'Overlap_I_t5', 'Overlap_I_t4', 'Overlap_I_t3', 'ReactionTime_I_t6', 'ReactionTime_I_t5', 'ReactionTime_I_t4', 'ReactionTime_I_t3', 'UnionSocioItems_I_t6', 'UnionSocioItems_I_t5', 'UnionSocioItems_I_t4', 'UnionSocioItems_I_t3', 'LexicalRichness_I_t6', 'LexicalRichness_I_t5', 'LexicalRichness_I_t4', 'LexicalRichness_I_t3', 'TypeTokenRatio_I_t6', 'TypeTokenRatio_I_t5', 'TypeTokenRatio_I_t4', 'TypeTokenRatio_I_t3', 'SpeechRate_I_t6', 'SpeechRate_I_t5', 'SpeechRate_I_t4', 'SpeechRate_I_t3', 'Polarity_I_t6', 'Polarity_I_t5', 'Polarity_I_t4', 'Polarity_I_t3', 'Subjectivity_I_t6', 'Subjectivity_I_t5', 'Subjectivity_I_t4', 'Subjectivity_I_t3', 'Smiles_I_t6', 'Smiles_I_t5', 'Smiles_I_t4', 'Smiles_I_t3', 'AUs_mouth_I_t6', 'AUs_mouth_I_t5', 'AUs_mouth_I_t4', 'AUs_mouth_I_t3', 'AU_eyes_I_t6', 'AU_eyes_I_t5', 'AU_eyes_I_t4', 'AU_eyes_I_t3', 'AU_all_I_t6', 'AU_all_I_t5', 'AU_all_I_t4', 'AU_all_I_t3', 'Angry_I_t6', 'Angry_I_t5', 'Angry_I_t4', 'Angry_I_t3', 'Happy_I_t6', 'Happy_I_t5', 'Happy_I_t4', 'Happy_I_t3', 'Sad_I_t6', 'Sad_I_t5', 'Sad_I_t4', 'Sad_I_t3', 'Neutral_I_t6', 'Neutral_I_t5', 'Neutral_I_t4', 'Neutral_I_t3', 'Gaze_speed_P_t6', 'Gaze_speed_P_t5', 'Gaze_speed_P_t4', 'Gaze_speed_P_t3', 'Gaze_movement_energy_P_t6', 'Gaze_movement_energy_P_t5', 'Gaze_movement_energy_P_t4', 'Gaze_movement_energy_P_t3', 'Saccades_P_t6', 'Saccades_P_t5', 'Saccades_P_t4', 'Saccades_P_t3', 'Face_looks_P_t6', 'Face_looks_P_t5', 'Face_looks_P_t4', 'Face_looks_P_t3', 'Mouth_looks_P_t6', 'Mouth_looks_P_t5', 'Mouth_looks_P_t4', 'Mouth_looks_P_t3', 'Eyes_looks_P_t6', 'Eyes_looks_P_t5', 'Eyes_looks_P_t4', 'Eyes_looks_P_t3'];[];0.517789543387558;0.5127068557919622;0.518196214028269;0.014620011629679875;0.012563484524640144;0.021728195002056496
LeftPrecuneus;None_136;6;{'strategy': 'stratified', 'random_state': 5};['UnionSocioItems_P', 'TypeTokenRatio_P', 'Angry_I', 'UnionSocioItems_I', 'Happy_I', 'Neutral_I', 'SpeechActivity_I', 'Overlap_I', 'Subjectivity_I', 'Saccades_P', 'AU_all_I', 'SpeechActivity_P', 'ReactionTime_I', 'LexicalRichness_P', 'AU_eyes_I', 'Smiles_I', 'Mouth_looks_P', 'Eyes_looks_P', 'Subjectivity_P', 'SpeechRate_P', 'TypeTokenRatio_I', 'Polarity_P', 'ReactionTime_P', 'AUs_mouth_I', 'Polarity_I', 'SpeechRate_I', 'Feedbacks_P', 'Face_looks_P', 'LexicalRichness_I', 'Gaze_speed_P', 'Gaze_movement_energy_P', 'Sad_I'];['IPU_P_t6', 'IPU_P_t5', 'IPU_P_t4', 'IPU_P_t3', 'disc_IPU_P_t6', 'disc_IPU_P_t5', 'disc_IPU_P_t4', 'disc_IPU_P_t3', 'ReactionTime_P_t6', 'ReactionTime_P_t5', 'ReactionTime_P_t4', 'ReactionTime_P_t3', 'Feedbacks_P_t6', 'Feedbacks_P_t5', 'Feedbacks_P_t4', 'Feedbacks_P_t3', 'UnionSocioItems_P_t6', 'UnionSocioItems_P_t5', 'UnionSocioItems_P_t4', 'UnionSocioItems_P_t3', 'LexicalRichness_P_t6', 'LexicalRichness_P_t5', 'LexicalRichness_P_t4', 'LexicalRichness_P_t3', 'TypeTokenRatio_P_t6', 'TypeTokenRatio_P_t5', 'TypeTokenRatio_P_t4', 'TypeTokenRatio_P_t3', 'SpeechRate_P_t6', 'SpeechRate_P_t5', 'SpeechRate_P_t4', 'SpeechRate_P_t3', 'Polarity_P_t6', 'Polarity_P_t5', 'Polarity_P_t4', 'Polarity_P_t3', 'Subjectivity_P_t6', 'Subjectivity_P_t5', 'Subjectivity_P_t4', 'Subjectivity_P_t3', 'IPU_I_t6', 'IPU_I_t5', 'IPU_I_t4', 'IPU_I_t3', 'disc_IPU_I_t6', 'disc_IPU_I_t5', 'disc_IPU_I_t4', 'disc_IPU_I_t3', 'Overlap_I_t6', 'Overlap_I_t5', 'Overlap_I_t4', 'Overlap_I_t3', 'ReactionTime_I_t6', 'ReactionTime_I_t5', 'ReactionTime_I_t4', 'ReactionTime_I_t3', 'UnionSocioItems_I_t6', 'UnionSocioItems_I_t5', 'UnionSocioItems_I_t4', 'UnionSocioItems_I_t3', 'LexicalRichness_I_t6', 'LexicalRichness_I_t5', 'LexicalRichness_I_t4', 'LexicalRichness_I_t3', 'TypeTokenRatio_I_t6', 'TypeTokenRatio_I_t5', 'TypeTokenRatio_I_t4', 'TypeTokenRatio_I_t3', 'SpeechRate_I_t6', 'SpeechRate_I_t5', 'SpeechRate_I_t4', 'SpeechRate_I_t3', 'Polarity_I_t6', 'Polarity_I_t5', 'Polarity_I_t4', 'Polarity_I_t3', 'Subjectivity_I_t6', 'Subjectivity_I_t5', 'Subjectivity_I_t4', 'Subjectivity_I_t3', 'Smiles_I_t6', 'Smiles_I_t5', 'Smiles_I_t4', 'Smiles_I_t3', 'AUs_mouth_I_t6', 'AUs_mouth_I_t5', 'AUs_mouth_I_t4', 'AUs_mouth_I_t3', 'AU_eyes_I_t6', 'AU_eyes_I_t5', 'AU_eyes_I_t4', 'AU_eyes_I_t3', 'AU_all_I_t6', 'AU_all_I_t5', 'AU_all_I_t4', 'AU_all_I_t3', 'Angry_I_t6', 'Angry_I_t5', 'Angry_I_t4', 'Angry_I_t3', 'Happy_I_t6', 'Happy_I_t5', 'Happy_I_t4', 'Happy_I_t3', 'Sad_I_t6', 'Sad_I_t5', 'Sad_I_t4', 'Sad_I_t3', 'Neutral_I_t6', 'Neutral_I_t5', 'Neutral_I_t4', 'Neutral_I_t3', 'Gaze_speed_P_t6', 'Gaze_speed_P_t5', 'Gaze_speed_P_t4', 'Gaze_speed_P_t3', 'Gaze_movement_energy_P_t6', 'Gaze_movement_energy_P_t5', 'Gaze_movement_energy_P_t4', 'Gaze_movement_energy_P_t3', 'Saccades_P_t6', 'Saccades_P_t5', 'Saccades_P_t4', 'Saccades_P_t3', 'Face_looks_P_t6', 'Face_looks_P_t5', 'Face_looks_P_t4', 'Face_looks_P_t3', 'Mouth_looks_P_t6', 'Mouth_looks_P_t5', 'Mouth_looks_P_t4', 'Mouth_looks_P_t3', 'Eyes_looks_P_t6', 'Eyes_looks_P_t5', 'Eyes_looks_P_t4', 'Eyes_looks_P_t3'];[];0.4935364884951855;0.49113475177304966;0.4997595223173158;0.006130333757883784;0.008420460891210709;0.021983527743920445
RightPrecuneus;None_136;6;{'strategy': 'stratified', 'random_state': 5};['SpeechActivity_I', 'Gaze_speed_P', 'Neutral_I', 'Feedbacks_P', 'Overlap_I', 'Gaze_movement_energy_P', 'SpeechRate_P', 'Subjectivity_P', 'ReactionTime_I', 'AU_eyes_I', 'Smiles_I', 'Happy_I', 'Angry_I', 'Saccades_P', 'ReactionTime_P', 'Sad_I', 'Polarity_I', 'LexicalRichness_P', 'SpeechActivity_P', 'TypeTokenRatio_I', 'LexicalRichness_I', 'UnionSocioItems_P', 'SpeechRate_I', 'Subjectivity_I', 'AU_all_I', 'AUs_mouth_I', 'Mouth_looks_P', 'Eyes_looks_P', 'Face_looks_P', 'TypeTokenRatio_P', 'Polarity_P', 'UnionSocioItems_I'];['IPU_P_t6', 'IPU_P_t5', 'IPU_P_t4', 'IPU_P_t3', 'disc_IPU_P_t6', 'disc_IPU_P_t5', 'disc_IPU_P_t4', 'disc_IPU_P_t3', 'ReactionTime_P_t6', 'ReactionTime_P_t5', 'ReactionTime_P_t4', 'ReactionTime_P_t3', 'Feedbacks_P_t6', 'Feedbacks_P_t5', 'Feedbacks_P_t4', 'Feedbacks_P_t3', 'UnionSocioItems_P_t6', 'UnionSocioItems_P_t5', 'UnionSocioItems_P_t4', 'UnionSocioItems_P_t3', 'LexicalRichness_P_t6', 'LexicalRichness_P_t5', 'LexicalRichness_P_t4', 'LexicalRichness_P_t3', 'TypeTokenRatio_P_t6', 'TypeTokenRatio_P_t5', 'TypeTokenRatio_P_t4', 'TypeTokenRatio_P_t3', 'SpeechRate_P_t6', 'SpeechRate_P_t5', 'SpeechRate_P_t4', 'SpeechRate_P_t3', 'Polarity_P_t6', 'Polarity_P_t5', 'Polarity_P_t4', 'Polarity_P_t3', 'Subjectivity_P_t6', 'Subjectivity_P_t5', 'Subjectivity_P_t4', 'Subjectivity_P_t3', 'IPU_I_t6', 'IPU_I_t5', 'IPU_I_t4', 'IPU_I_t3', 'disc_IPU_I_t6', 'disc_IPU_I_t5', 'disc_IPU_I_t4', 'disc_IPU_I_t3', 'Overlap_I_t6', 'Overlap_I_t5', 'Overlap_I_t4', 'Overlap_I_t3', 'ReactionTime_I_t6', 'ReactionTime_I_t5', 'ReactionTime_I_t4', 'ReactionTime_I_t3', 'UnionSocioItems_I_t6', 'UnionSocioItems_I_t5', 'UnionSocioItems_I_t4', 'UnionSocioItems_I_t3', 'LexicalRichness_I_t6', 'LexicalRichness_I_t5', 'LexicalRichness_I_t4', 'LexicalRichness_I_t3', 'TypeTokenRatio_I_t6', 'TypeTokenRatio_I_t5', 'TypeTokenRatio_I_t4', 'TypeTokenRatio_I_t3', 'SpeechRate_I_t6', 'SpeechRate_I_t5', 'SpeechRate_I_t4', 'SpeechRate_I_t3', 'Polarity_I_t6', 'Polarity_I_t5', 'Polarity_I_t4', 'Polarity_I_t3', 'Subjectivity_I_t6', 'Subjectivity_I_t5', 'Subjectivity_I_t4', 'Subjectivity_I_t3', 'Smiles_I_t6', 'Smiles_I_t5', 'Smiles_I_t4', 'Smiles_I_t3', 'AUs_mouth_I_t6', 'AUs_mouth_I_t5', 'AUs_mouth_I_t4', 'AUs_mouth_I_t3', 'AU_eyes_I_t6', 'AU_eyes_I_t5', 'AU_eyes_I_t4', 'AU_eyes_I_t3', 'AU_all_I_t6', 'AU_all_I_t5', 'AU_all_I_t4', 'AU_all_I_t3', 'Angry_I_t6', 'Angry_I_t5', 'Angry_I_t4', 'Angry_I_t3', 'Happy_I_t6', 'Happy_I_t5', 'Happy_I_t4', 'Happy_I_t3', 'Sad_I_t6', 'Sad_I_t5', 'Sad_I_t4', 'Sad_I_t3', 'Neutral_I_t6', 'Neutral_I_t5', 'Neutral_I_t4', 'Neutral_I_t3', 'Gaze_speed_P_t6', 'Gaze_speed_P_t5', 'Gaze_speed_P_t4', 'Gaze_speed_P_t3', 'Gaze_movement_energy_P_t6', 'Gaze_movement_energy_P_t5', 'Gaze_movement_energy_P_t4', 'Gaze_movement_energy_P_t3', 'Saccades_P_t6', 'Saccades_P_t5', 'Saccades_P_t4', 'Saccades_P_t3', 'Face_looks_P_t6', 'Face_looks_P_t5', 'Face_looks_P_t4', 'Face_looks_P_t3', 'Mouth_looks_P_t6', 'Mouth_looks_P_t5', 'Mouth_looks_P_t4', 'Mouth_looks_P_t3', 'Eyes_looks_P_t6', 'Eyes_looks_P_t5', 'Eyes_looks_P_t4', 'Eyes_looks_P_t3'];[];0.493805669771335;0.4940898345153664;0.501440972423796;0.010382863501661113;0.009195579478616838;0.0293836816843772
LeftTemporoParietalJunction;None_136;6;{'strategy': 'stratified', 'random_state': 5};['Polarity_P', 'LexicalRichness_I', 'UnionSocioItems_P', 'LexicalRichness_P', 'Polarity_I', 'AUs_mouth_I', 'Face_looks_P', 'Smiles_I', 'SpeechActivity_I', 'Subjectivity_P', 'Gaze_movement_energy_P', 'UnionSocioItems_I', 'Subjectivity_I', 'ReactionTime_I', 'Neutral_I', 'Sad_I', 'Saccades_P', 'SpeechActivity_P', 'TypeTokenRatio_I', 'Overlap_I', 'Angry_I', 'Mouth_looks_P', 'TypeTokenRatio_P', 'SpeechRate_I', 'Gaze_speed_P', 'SpeechRate_P', 'AU_eyes_I', 'AU_all_I', 'ReactionTime_P', 'Feedbacks_P', 'Happy_I', 'Eyes_looks_P'];['IPU_P_t6', 'IPU_P_t5', 'IPU_P_t4', 'IPU_P_t3', 'disc_IPU_P_t6', 'disc_IPU_P_t5', 'disc_IPU_P_t4', 'disc_IPU_P_t3', 'ReactionTime_P_t6', 'ReactionTime_P_t5', 'ReactionTime_P_t4', 'ReactionTime_P_t3', 'Feedbacks_P_t6', 'Feedbacks_P_t5', 'Feedbacks_P_t4', 'Feedbacks_P_t3', 'UnionSocioItems_P_t6', 'UnionSocioItems_P_t5', 'UnionSocioItems_P_t4', 'UnionSocioItems_P_t3', 'LexicalRichness_P_t6', 'LexicalRichness_P_t5', 'LexicalRichness_P_t4', 'LexicalRichness_P_t3', 'TypeTokenRatio_P_t6', 'TypeTokenRatio_P_t5', 'TypeTokenRatio_P_t4', 'TypeTokenRatio_P_t3', 'SpeechRate_P_t6', 'SpeechRate_P_t5', 'SpeechRate_P_t4', 'SpeechRate_P_t3', 'Polarity_P_t6', 'Polarity_P_t5', 'Polarity_P_t4', 'Polarity_P_t3', 'Subjectivity_P_t6', 'Subjectivity_P_t5', 'Subjectivity_P_t4', 'Subjectivity_P_t3', 'IPU_I_t6', 'IPU_I_t5', 'IPU_I_t4', 'IPU_I_t3', 'disc_IPU_I_t6', 'disc_IPU_I_t5', 'disc_IPU_I_t4', 'disc_IPU_I_t3', 'Overlap_I_t6', 'Overlap_I_t5', 'Overlap_I_t4', 'Overlap_I_t3', 'ReactionTime_I_t6', 'ReactionTime_I_t5', 'ReactionTime_I_t4', 'ReactionTime_I_t3', 'UnionSocioItems_I_t6', 'UnionSocioItems_I_t5', 'UnionSocioItems_I_t4', 'UnionSocioItems_I_t3', 'LexicalRichness_I_t6', 'LexicalRichness_I_t5', 'LexicalRichness_I_t4', 'LexicalRichness_I_t3', 'TypeTokenRatio_I_t6', 'TypeTokenRatio_I_t5', 'TypeTokenRatio_I_t4', 'TypeTokenRatio_I_t3', 'SpeechRate_I_t6', 'SpeechRate_I_t5', 'SpeechRate_I_t4', 'SpeechRate_I_t3', 'Polarity_I_t6', 'Polarity_I_t5', 'Polarity_I_t4', 'Polarity_I_t3', 'Subjectivity_I_t6', 'Subjectivity_I_t5', 'Subjectivity_I_t4', 'Subjectivity_I_t3', 'Smiles_I_t6', 'Smiles_I_t5', 'Smiles_I_t4', 'Smiles_I_t3', 'AUs_mouth_I_t6', 'AUs_mouth_I_t5', 'AUs_mouth_I_t4', 'AUs_mouth_I_t3', 'AU_eyes_I_t6', 'AU_eyes_I_t5', 'AU_eyes_I_t4', 'AU_eyes_I_t3', 'AU_all_I_t6', 'AU_all_I_t5', 'AU_all_I_t4', 'AU_all_I_t3', 'Angry_I_t6', 'Angry_I_t5', 'Angry_I_t4', 'Angry_I_t3', 'Happy_I_t6', 'Happy_I_t5', 'Happy_I_t4', 'Happy_I_t3', 'Sad_I_t6', 'Sad_I_t5', 'Sad_I_t4', 'Sad_I_t3', 'Neutral_I_t6', 'Neutral_I_t5', 'Neutral_I_t4', 'Neutral_I_t3', 'Gaze_speed_P_t6', 'Gaze_speed_P_t5', 'Gaze_speed_P_t4', 'Gaze_speed_P_t3', 'Gaze_movement_energy_P_t6', 'Gaze_movement_energy_P_t5', 'Gaze_movement_energy_P_t4', 'Gaze_movement_energy_P_t3', 'Saccades_P_t6', 'Saccades_P_t5', 'Saccades_P_t4', 'Saccades_P_t3', 'Face_looks_P_t6', 'Face_looks_P_t5', 'Face_looks_P_t4', 'Face_looks_P_t3', 'Mouth_looks_P_t6', 'Mouth_looks_P_t5', 'Mouth_looks_P_t4', 'Mouth_looks_P_t3', 'Eyes_looks_P_t6', 'Eyes_looks_P_t5', 'Eyes_looks_P_t4', 'Eyes_looks_P_t3'];[];0.506884701724686;0.4985224586288416;0.5115939747122517;0.01074375972230167;0.009145644867300995;0.02493694517027196
RightTemporoParietalJunction;None_136;6;{'strategy': 'stratified', 'random_state': 5};['AUs_mouth_I', 'Mouth_looks_P', 'TypeTokenRatio_I', 'LexicalRichness_I', 'Gaze_movement_energy_P', 'ReactionTime_P', 'Sad_I', 'Eyes_looks_P', 'SpeechActivity_P', 'SpeechRate_I', 'UnionSocioItems_I', 'Happy_I', 'Overlap_I', 'ReactionTime_I', 'Polarity_P', 'LexicalRichness_P', 'AU_all_I', 'SpeechActivity_I', 'SpeechRate_P', 'Smiles_I', 'AU_eyes_I', 'Face_looks_P', 'Gaze_speed_P', 'Saccades_P', 'Polarity_I', 'Angry_I', 'Neutral_I', 'Subjectivity_P', 'UnionSocioItems_P', 'Feedbacks_P', 'Subjectivity_I', 'TypeTokenRatio_P'];['IPU_P_t6', 'IPU_P_t5', 'IPU_P_t4', 'IPU_P_t3', 'disc_IPU_P_t6', 'disc_IPU_P_t5', 'disc_IPU_P_t4', 'disc_IPU_P_t3', 'ReactionTime_P_t6', 'ReactionTime_P_t5', 'ReactionTime_P_t4', 'ReactionTime_P_t3', 'Feedbacks_P_t6', 'Feedbacks_P_t5', 'Feedbacks_P_t4', 'Feedbacks_P_t3', 'UnionSocioItems_P_t6', 'UnionSocioItems_P_t5', 'UnionSocioItems_P_t4', 'UnionSocioItems_P_t3', 'LexicalRichness_P_t6', 'LexicalRichness_P_t5', 'LexicalRichness_P_t4', 'LexicalRichness_P_t3', 'TypeTokenRatio_P_t6', 'TypeTokenRatio_P_t5', 'TypeTokenRatio_P_t4', 'TypeTokenRatio_P_t3', 'SpeechRate_P_t6', 'SpeechRate_P_t5', 'SpeechRate_P_t4', 'SpeechRate_P_t3', 'Polarity_P_t6', 'Polarity_P_t5', 'Polarity_P_t4', 'Polarity_P_t3', 'Subjectivity_P_t6', 'Subjectivity_P_t5', 'Subjectivity_P_t4', 'Subjectivity_P_t3', 'IPU_I_t6', 'IPU_I_t5', 'IPU_I_t4', 'IPU_I_t3', 'disc_IPU_I_t6', 'disc_IPU_I_t5', 'disc_IPU_I_t4', 'disc_IPU_I_t3', 'Overlap_I_t6', 'Overlap_I_t5', 'Overlap_I_t4', 'Overlap_I_t3', 'ReactionTime_I_t6', 'ReactionTime_I_t5', 'ReactionTime_I_t4', 'ReactionTime_I_t3', 'UnionSocioItems_I_t6', 'UnionSocioItems_I_t5', 'UnionSocioItems_I_t4', 'UnionSocioItems_I_t3', 'LexicalRichness_I_t6', 'LexicalRichness_I_t5', 'LexicalRichness_I_t4', 'LexicalRichness_I_t3', 'TypeTokenRatio_I_t6', 'TypeTokenRatio_I_t5', 'TypeTokenRatio_I_t4', 'TypeTokenRatio_I_t3', 'SpeechRate_I_t6', 'SpeechRate_I_t5', 'SpeechRate_I_t4', 'SpeechRate_I_t3', 'Polarity_I_t6', 'Polarity_I_t5', 'Polarity_I_t4', 'Polarity_I_t3', 'Subjectivity_I_t6', 'Subjectivity_I_t5', 'Subjectivity_I_t4', 'Subjectivity_I_t3', 'Smiles_I_t6', 'Smiles_I_t5', 'Smiles_I_t4', 'Smiles_I_t3', 'AUs_mouth_I_t6', 'AUs_mouth_I_t5', 'AUs_mouth_I_t4', 'AUs_mouth_I_t3', 'AU_eyes_I_t6', 'AU_eyes_I_t5', 'AU_eyes_I_t4', 'AU_eyes_I_t3', 'AU_all_I_t6', 'AU_all_I_t5', 'AU_all_I_t4', 'AU_all_I_t3', 'Angry_I_t6', 'Angry_I_t5', 'Angry_I_t4', 'Angry_I_t3', 'Happy_I_t6', 'Happy_I_t5', 'Happy_I_t4', 'Happy_I_t3', 'Sad_I_t6', 'Sad_I_t5', 'Sad_I_t4', 'Sad_I_t3', 'Neutral_I_t6', 'Neutral_I_t5', 'Neutral_I_t4', 'Neutral_I_t3', 'Gaze_speed_P_t6', 'Gaze_speed_P_t5', 'Gaze_speed_P_t4', 'Gaze_speed_P_t3', 'Gaze_movement_energy_P_t6', 'Gaze_movement_energy_P_t5', 'Gaze_movement_energy_P_t4', 'Gaze_movement_energy_P_t3', 'Saccades_P_t6', 'Saccades_P_t5', 'Saccades_P_t4', 'Saccades_P_t3', 'Face_looks_P_t6', 'Face_looks_P_t5', 'Face_looks_P_t4', 'Face_looks_P_t3', 'Mouth_looks_P_t6', 'Mouth_looks_P_t5', 'Mouth_looks_P_t4', 'Mouth_looks_P_t3', 'Eyes_looks_P_t6', 'Eyes_looks_P_t5', 'Eyes_looks_P_t4', 'Eyes_looks_P_t3'];[];0.5074049513704686;0.5168439716312057;0.5350693887946043;0.010477550039733372;0.011966221038622023;0.02827983163368796
LeftVMPFC;None_136;6;{'strategy': 'stratified', 'random_state': 5};['Eyes_looks_P', 'Saccades_P', 'ReactionTime_I', 'TypeTokenRatio_P', 'AU_eyes_I', 'Gaze_movement_energy_P', 'Mouth_looks_P', 'Feedbacks_P', 'AU_all_I', 'SpeechRate_I', 'Overlap_I', 'Gaze_speed_P', 'Face_looks_P', 'Smiles_I', 'Polarity_I', 'LexicalRichness_I', 'Subjectivity_P', 'Happy_I', 'Sad_I', 'SpeechActivity_I', 'Subjectivity_I', 'AUs_mouth_I', 'ReactionTime_P', 'Angry_I', 'SpeechRate_P', 'Polarity_P', 'Neutral_I', 'UnionSocioItems_I', 'TypeTokenRatio_I', 'SpeechActivity_P', 'UnionSocioItems_P', 'LexicalRichness_P'];['IPU_P_t6', 'IPU_P_t5', 'IPU_P_t4', 'IPU_P_t3', 'disc_IPU_P_t6', 'disc_IPU_P_t5', 'disc_IPU_P_t4', 'disc_IPU_P_t3', 'ReactionTime_P_t6', 'ReactionTime_P_t5', 'ReactionTime_P_t4', 'ReactionTime_P_t3', 'Feedbacks_P_t6', 'Feedbacks_P_t5', 'Feedbacks_P_t4', 'Feedbacks_P_t3', 'UnionSocioItems_P_t6', 'UnionSocioItems_P_t5', 'UnionSocioItems_P_t4', 'UnionSocioItems_P_t3', 'LexicalRichness_P_t6', 'LexicalRichness_P_t5', 'LexicalRichness_P_t4', 'LexicalRichness_P_t3', 'TypeTokenRatio_P_t6', 'TypeTokenRatio_P_t5', 'TypeTokenRatio_P_t4', 'TypeTokenRatio_P_t3', 'SpeechRate_P_t6', 'SpeechRate_P_t5', 'SpeechRate_P_t4', 'SpeechRate_P_t3', 'Polarity_P_t6', 'Polarity_P_t5', 'Polarity_P_t4', 'Polarity_P_t3', 'Subjectivity_P_t6', 'Subjectivity_P_t5', 'Subjectivity_P_t4', 'Subjectivity_P_t3', 'IPU_I_t6', 'IPU_I_t5', 'IPU_I_t4', 'IPU_I_t3', 'disc_IPU_I_t6', 'disc_IPU_I_t5', 'disc_IPU_I_t4', 'disc_IPU_I_t3', 'Overlap_I_t6', 'Overlap_I_t5', 'Overlap_I_t4', 'Overlap_I_t3', 'ReactionTime_I_t6', 'ReactionTime_I_t5', 'ReactionTime_I_t4', 'ReactionTime_I_t3', 'UnionSocioItems_I_t6', 'UnionSocioItems_I_t5', 'UnionSocioItems_I_t4', 'UnionSocioItems_I_t3', 'LexicalRichness_I_t6', 'LexicalRichness_I_t5', 'LexicalRichness_I_t4', 'LexicalRichness_I_t3', 'TypeTokenRatio_I_t6', 'TypeTokenRatio_I_t5', 'TypeTokenRatio_I_t4', 'TypeTokenRatio_I_t3', 'SpeechRate_I_t6', 'SpeechRate_I_t5', 'SpeechRate_I_t4', 'SpeechRate_I_t3', 'Polarity_I_t6', 'Polarity_I_t5', 'Polarity_I_t4', 'Polarity_I_t3', 'Subjectivity_I_t6', 'Subjectivity_I_t5', 'Subjectivity_I_t4', 'Subjectivity_I_t3', 'Smiles_I_t6', 'Smiles_I_t5', 'Smiles_I_t4', 'Smiles_I_t3', 'AUs_mouth_I_t6', 'AUs_mouth_I_t5', 'AUs_mouth_I_t4', 'AUs_mouth_I_t3', 'AU_eyes_I_t6', 'AU_eyes_I_t5', 'AU_eyes_I_t4', 'AU_eyes_I_t3', 'AU_all_I_t6', 'AU_all_I_t5', 'AU_all_I_t4', 'AU_all_I_t3', 'Angry_I_t6', 'Angry_I_t5', 'Angry_I_t4', 'Angry_I_t3', 'Happy_I_t6', 'Happy_I_t5', 'Happy_I_t4', 'Happy_I_t3', 'Sad_I_t6', 'Sad_I_t5', 'Sad_I_t4', 'Sad_I_t3', 'Neutral_I_t6', 'Neutral_I_t5', 'Neutral_I_t4', 'Neutral_I_t3', 'Gaze_speed_P_t6', 'Gaze_speed_P_t5', 'Gaze_speed_P_t4', 'Gaze_speed_P_t3', 'Gaze_movement_energy_P_t6', 'Gaze_movement_energy_P_t5', 'Gaze_movement_energy_P_t4', 'Gaze_movement_energy_P_t3', 'Saccades_P_t6', 'Saccades_P_t5', 'Saccades_P_t4', 'Saccades_P_t3', 'Face_looks_P_t6', 'Face_looks_P_t5', 'Face_looks_P_t4', 'Face_looks_P_t3', 'Mouth_looks_P_t6', 'Mouth_looks_P_t5', 'Mouth_looks_P_t4', 'Mouth_looks_P_t3', 'Eyes_looks_P_t6', 'Eyes_looks_P_t5', 'Eyes_looks_P_t4', 'Eyes_looks_P_t3'];[];0.49960577348979734;0.49822695035460995;0.5026921707544805;0.015853371630036542;0.015248285969190062;0.02797786577380627
RightVMPFC;None_136;6;{'strategy': 'stratified', 'random_state': 5};['LexicalRichness_P', 'Gaze_movement_energy_P', 'ReactionTime_I', 'Feedbacks_P', 'Polarity_P', 'Saccades_P', 'SpeechRate_I', 'Smiles_I', 'SpeechActivity_P', 'AU_eyes_I', 'TypeTokenRatio_I', 'Sad_I', 'Gaze_speed_P', 'Face_looks_P', 'Angry_I', 'UnionSocioItems_I', 'LexicalRichness_I', 'Subjectivity_P', 'ReactionTime_P', 'AUs_mouth_I', 'SpeechRate_P', 'Eyes_looks_P', 'Mouth_looks_P', 'SpeechActivity_I', 'Happy_I', 'Neutral_I', 'Polarity_I', 'Overlap_I', 'UnionSocioItems_P', 'AU_all_I', 'Subjectivity_I', 'TypeTokenRatio_P'];['IPU_P_t6', 'IPU_P_t5', 'IPU_P_t4', 'IPU_P_t3', 'disc_IPU_P_t6', 'disc_IPU_P_t5', 'disc_IPU_P_t4', 'disc_IPU_P_t3', 'ReactionTime_P_t6', 'ReactionTime_P_t5', 'ReactionTime_P_t4', 'ReactionTime_P_t3', 'Feedbacks_P_t6', 'Feedbacks_P_t5', 'Feedbacks_P_t4', 'Feedbacks_P_t3', 'UnionSocioItems_P_t6', 'UnionSocioItems_P_t5', 'UnionSocioItems_P_t4', 'UnionSocioItems_P_t3', 'LexicalRichness_P_t6', 'LexicalRichness_P_t5', 'LexicalRichness_P_t4', 'LexicalRichness_P_t3', 'TypeTokenRatio_P_t6', 'TypeTokenRatio_P_t5', 'TypeTokenRatio_P_t4', 'TypeTokenRatio_P_t3', 'SpeechRate_P_t6', 'SpeechRate_P_t5', 'SpeechRate_P_t4', 'SpeechRate_P_t3', 'Polarity_P_t6', 'Polarity_P_t5', 'Polarity_P_t4', 'Polarity_P_t3', 'Subjectivity_P_t6', 'Subjectivity_P_t5', 'Subjectivity_P_t4', 'Subjectivity_P_t3', 'IPU_I_t6', 'IPU_I_t5', 'IPU_I_t4', 'IPU_I_t3', 'disc_IPU_I_t6', 'disc_IPU_I_t5', 'disc_IPU_I_t4', 'disc_IPU_I_t3', 'Overlap_I_t6', 'Overlap_I_t5', 'Overlap_I_t4', 'Overlap_I_t3', 'ReactionTime_I_t6', 'ReactionTime_I_t5', 'ReactionTime_I_t4', 'ReactionTime_I_t3', 'UnionSocioItems_I_t6', 'UnionSocioItems_I_t5', 'UnionSocioItems_I_t4', 'UnionSocioItems_I_t3', 'LexicalRichness_I_t6', 'LexicalRichness_I_t5', 'LexicalRichness_I_t4', 'LexicalRichness_I_t3', 'TypeTokenRatio_I_t6', 'TypeTokenRatio_I_t5', 'TypeTokenRatio_I_t4', 'TypeTokenRatio_I_t3', 'SpeechRate_I_t6', 'SpeechRate_I_t5', 'SpeechRate_I_t4', 'SpeechRate_I_t3', 'Polarity_I_t6', 'Polarity_I_t5', 'Polarity_I_t4', 'Polarity_I_t3', 'Subjectivity_I_t6', 'Subjectivity_I_t5', 'Subjectivity_I_t4', 'Subjectivity_I_t3', 'Smiles_I_t6', 'Smiles_I_t5', 'Smiles_I_t4', 'Smiles_I_t3', 'AUs_mouth_I_t6', 'AUs_mouth_I_t5', 'AUs_mouth_I_t4', 'AUs_mouth_I_t3', 'AU_eyes_I_t6', 'AU_eyes_I_t5', 'AU_eyes_I_t4', 'AU_eyes_I_t3', 'AU_all_I_t6', 'AU_all_I_t5', 'AU_all_I_t4', 'AU_all_I_t3', 'Angry_I_t6', 'Angry_I_t5', 'Angry_I_t4', 'Angry_I_t3', 'Happy_I_t6', 'Happy_I_t5', 'Happy_I_t4', 'Happy_I_t3', 'Sad_I_t6', 'Sad_I_t5', 'Sad_I_t4', 'Sad_I_t3', 'Neutral_I_t6', 'Neutral_I_t5', 'Neutral_I_t4', 'Neutral_I_t3', 'Gaze_speed_P_t6', 'Gaze_speed_P_t5', 'Gaze_speed_P_t4', 'Gaze_speed_P_t3', 'Gaze_movement_energy_P_t6', 'Gaze_movement_energy_P_t5', 'Gaze_movement_energy_P_t4', 'Gaze_movement_energy_P_t3', 'Saccades_P_t6', 'Saccades_P_t5', 'Saccades_P_t4', 'Saccades_P_t3', 'Face_looks_P_t6', 'Face_looks_P_t5', 'Face_looks_P_t4', 'Face_looks_P_t3', 'Mouth_looks_P_t6', 'Mouth_looks_P_t5', 'Mouth_looks_P_t4', 'Mouth_looks_P_t3', 'Eyes_looks_P_t6', 'Eyes_looks_P_t5', 'Eyes_looks_P_t4', 'Eyes_looks_P_t3'];[];0.5027110511299411;0.5014775413711584;0.5053745246969034;0.012464091239601391;0.010710993779576372;0.03762871549997907
RightLatAmygdala;None_136;6;{'strategy': 'stratified', 'random_state': 5};['UnionSocioItems_P', 'SpeechRate_I', 'SpeechRate_P', 'LexicalRichness_P', 'Happy_I', 'UnionSocioItems_I', 'Mouth_looks_P', 'Eyes_looks_P', 'AU_all_I', 'TypeTokenRatio_P', 'SpeechActivity_I', 'Feedbacks_P', 'Saccades_P', 'AUs_mouth_I', 'AU_eyes_I', 'ReactionTime_P', 'Angry_I', 'Subjectivity_P', 'ReactionTime_I', 'Smiles_I', 'Overlap_I', 'TypeTokenRatio_I', 'Sad_I', 'Subjectivity_I', 'Polarity_P', 'SpeechActivity_P', 'Neutral_I', 'Gaze_movement_energy_P', 'Face_looks_P', 'LexicalRichness_I', 'Polarity_I', 'Gaze_speed_P'];['IPU_P_t6', 'IPU_P_t5', 'IPU_P_t4', 'IPU_P_t3', 'disc_IPU_P_t6', 'disc_IPU_P_t5', 'disc_IPU_P_t4', 'disc_IPU_P_t3', 'ReactionTime_P_t6', 'ReactionTime_P_t5', 'ReactionTime_P_t4', 'ReactionTime_P_t3', 'Feedbacks_P_t6', 'Feedbacks_P_t5', 'Feedbacks_P_t4', 'Feedbacks_P_t3', 'UnionSocioItems_P_t6', 'UnionSocioItems_P_t5', 'UnionSocioItems_P_t4', 'UnionSocioItems_P_t3', 'LexicalRichness_P_t6', 'LexicalRichness_P_t5', 'LexicalRichness_P_t4', 'LexicalRichness_P_t3', 'TypeTokenRatio_P_t6', 'TypeTokenRatio_P_t5', 'TypeTokenRatio_P_t4', 'TypeTokenRatio_P_t3', 'SpeechRate_P_t6', 'SpeechRate_P_t5', 'SpeechRate_P_t4', 'SpeechRate_P_t3', 'Polarity_P_t6', 'Polarity_P_t5', 'Polarity_P_t4', 'Polarity_P_t3', 'Subjectivity_P_t6', 'Subjectivity_P_t5', 'Subjectivity_P_t4', 'Subjectivity_P_t3', 'IPU_I_t6', 'IPU_I_t5', 'IPU_I_t4', 'IPU_I_t3', 'disc_IPU_I_t6', 'disc_IPU_I_t5', 'disc_IPU_I_t4', 'disc_IPU_I_t3', 'Overlap_I_t6', 'Overlap_I_t5', 'Overlap_I_t4', 'Overlap_I_t3', 'ReactionTime_I_t6', 'ReactionTime_I_t5', 'ReactionTime_I_t4', 'ReactionTime_I_t3', 'UnionSocioItems_I_t6', 'UnionSocioItems_I_t5', 'UnionSocioItems_I_t4', 'UnionSocioItems_I_t3', 'LexicalRichness_I_t6', 'LexicalRichness_I_t5', 'LexicalRichness_I_t4', 'LexicalRichness_I_t3', 'TypeTokenRatio_I_t6', 'TypeTokenRatio_I_t5', 'TypeTokenRatio_I_t4', 'TypeTokenRatio_I_t3', 'SpeechRate_I_t6', 'SpeechRate_I_t5', 'SpeechRate_I_t4', 'SpeechRate_I_t3', 'Polarity_I_t6', 'Polarity_I_t5', 'Polarity_I_t4', 'Polarity_I_t3', 'Subjectivity_I_t6', 'Subjectivity_I_t5', 'Subjectivity_I_t4', 'Subjectivity_I_t3', 'Smiles_I_t6', 'Smiles_I_t5', 'Smiles_I_t4', 'Smiles_I_t3', 'AUs_mouth_I_t6', 'AUs_mouth_I_t5', 'AUs_mouth_I_t4', 'AUs_mouth_I_t3', 'AU_eyes_I_t6', 'AU_eyes_I_t5', 'AU_eyes_I_t4', 'AU_eyes_I_t3', 'AU_all_I_t6', 'AU_all_I_t5', 'AU_all_I_t4', 'AU_all_I_t3', 'Angry_I_t6', 'Angry_I_t5', 'Angry_I_t4', 'Angry_I_t3', 'Happy_I_t6', 'Happy_I_t5', 'Happy_I_t4', 'Happy_I_t3', 'Sad_I_t6', 'Sad_I_t5', 'Sad_I_t4', 'Sad_I_t3', 'Neutral_I_t6', 'Neutral_I_t5', 'Neutral_I_t4', 'Neutral_I_t3', 'Gaze_speed_P_t6', 'Gaze_speed_P_t5', 'Gaze_speed_P_t4', 'Gaze_speed_P_t3', 'Gaze_movement_energy_P_t6', 'Gaze_movement_energy_P_t5', 'Gaze_movement_energy_P_t4', 'Gaze_movement_energy_P_t3', 'Saccades_P_t6', 'Saccades_P_t5', 'Saccades_P_t4', 'Saccades_P_t3', 'Face_looks_P_t6', 'Face_looks_P_t5', 'Face_looks_P_t4', 'Face_looks_P_t3', 'Mouth_looks_P_t6', 'Mouth_looks_P_t5', 'Mouth_looks_P_t4', 'Mouth_looks_P_t3', 'Eyes_looks_P_t6', 'Eyes_looks_P_t5', 'Eyes_looks_P_t4', 'Eyes_looks_P_t3'];[];0.4816741399855833;0.49556737588652483;0.5137326228989;0.014222469823113513;0.015386612115975537;0.030655325449379368
LeftLatAmygdala;None_136;6;{'strategy': 'stratified', 'random_state': 5};['Sad_I', 'Subjectivity_I', 'SpeechActivity_I', 'UnionSocioItems_I', 'LexicalRichness_P', 'SpeechActivity_P', 'Gaze_speed_P', 'Overlap_I', 'Neutral_I', 'Smiles_I', 'AUs_mouth_I', 'Face_looks_P', 'Eyes_looks_P', 'AU_all_I', 'LexicalRichness_I', 'AU_eyes_I', 'ReactionTime_P', 'Subjectivity_P', 'TypeTokenRatio_P', 'SpeechRate_P', 'Gaze_movement_energy_P', 'Polarity_I', 'ReactionTime_I', 'Polarity_P', 'Angry_I', 'Saccades_P', 'SpeechRate_I', 'Mouth_looks_P', 'TypeTokenRatio_I', 'UnionSocioItems_P', 'Happy_I', 'Feedbacks_P'];['IPU_P_t6', 'IPU_P_t5', 'IPU_P_t4', 'IPU_P_t3', 'disc_IPU_P_t6', 'disc_IPU_P_t5', 'disc_IPU_P_t4', 'disc_IPU_P_t3', 'ReactionTime_P_t6', 'ReactionTime_P_t5', 'ReactionTime_P_t4', 'ReactionTime_P_t3', 'Feedbacks_P_t6', 'Feedbacks_P_t5', 'Feedbacks_P_t4', 'Feedbacks_P_t3', 'UnionSocioItems_P_t6', 'UnionSocioItems_P_t5', 'UnionSocioItems_P_t4', 'UnionSocioItems_P_t3', 'LexicalRichness_P_t6', 'LexicalRichness_P_t5', 'LexicalRichness_P_t4', 'LexicalRichness_P_t3', 'TypeTokenRatio_P_t6', 'TypeTokenRatio_P_t5', 'TypeTokenRatio_P_t4', 'TypeTokenRatio_P_t3', 'SpeechRate_P_t6', 'SpeechRate_P_t5', 'SpeechRate_P_t4', 'SpeechRate_P_t3', 'Polarity_P_t6', 'Polarity_P_t5', 'Polarity_P_t4', 'Polarity_P_t3', 'Subjectivity_P_t6', 'Subjectivity_P_t5', 'Subjectivity_P_t4', 'Subjectivity_P_t3', 'IPU_I_t6', 'IPU_I_t5', 'IPU_I_t4', 'IPU_I_t3', 'disc_IPU_I_t6', 'disc_IPU_I_t5', 'disc_IPU_I_t4', 'disc_IPU_I_t3', 'Overlap_I_t6', 'Overlap_I_t5', 'Overlap_I_t4', 'Overlap_I_t3', 'ReactionTime_I_t6', 'ReactionTime_I_t5', 'ReactionTime_I_t4', 'ReactionTime_I_t3', 'UnionSocioItems_I_t6', 'UnionSocioItems_I_t5', 'UnionSocioItems_I_t4', 'UnionSocioItems_I_t3', 'LexicalRichness_I_t6', 'LexicalRichness_I_t5', 'LexicalRichness_I_t4', 'LexicalRichness_I_t3', 'TypeTokenRatio_I_t6', 'TypeTokenRatio_I_t5', 'TypeTokenRatio_I_t4', 'TypeTokenRatio_I_t3', 'SpeechRate_I_t6', 'SpeechRate_I_t5', 'SpeechRate_I_t4', 'SpeechRate_I_t3', 'Polarity_I_t6', 'Polarity_I_t5', 'Polarity_I_t4', 'Polarity_I_t3', 'Subjectivity_I_t6', 'Subjectivity_I_t5', 'Subjectivity_I_t4', 'Subjectivity_I_t3', 'Smiles_I_t6', 'Smiles_I_t5', 'Smiles_I_t4', 'Smiles_I_t3', 'AUs_mouth_I_t6', 'AUs_mouth_I_t5', 'AUs_mouth_I_t4', 'AUs_mouth_I_t3', 'AU_eyes_I_t6', 'AU_eyes_I_t5', 'AU_eyes_I_t4', 'AU_eyes_I_t3', 'AU_all_I_t6', 'AU_all_I_t5', 'AU_all_I_t4', 'AU_all_I_t3', 'Angry_I_t6', 'Angry_I_t5', 'Angry_I_t4', 'Angry_I_t3', 'Happy_I_t6', 'Happy_I_t5', 'Happy_I_t4', 'Happy_I_t3', 'Sad_I_t6', 'Sad_I_t5', 'Sad_I_t4', 'Sad_I_t3', 'Neutral_I_t6', 'Neutral_I_t5', 'Neutral_I_t4', 'Neutral_I_t3', 'Gaze_speed_P_t6', 'Gaze_speed_P_t5', 'Gaze_speed_P_t4', 'Gaze_speed_P_t3', 'Gaze_movement_energy_P_t6', 'Gaze_movement_energy_P_t5', 'Gaze_movement_energy_P_t4', 'Gaze_movement_energy_P_t3', 'Saccades_P_t6', 'Saccades_P_t5', 'Saccades_P_t4', 'Saccades_P_t3', 'Face_looks_P_t6', 'Face_looks_P_t5', 'Face_looks_P_t4', 'Face_looks_P_t3', 'Mouth_looks_P_t6', 'Mouth_looks_P_t5', 'Mouth_looks_P_t4', 'Mouth_looks_P_t3', 'Eyes_looks_P_t6', 'Eyes_looks_P_t5', 'Eyes_looks_P_t4', 'Eyes_looks_P_t3'];[];0.5084174464225901;0.5011820330969267;0.5148001017221961;0.02118187852587849;0.01835779630817912;0.0231552952976761
LeftV1;None_136;6;{'strategy': 'stratified', 'random_state': 5};['AUs_mouth_I', 'AU_eyes_I', 'Angry_I', 'SpeechActivity_P', 'Subjectivity_P', 'UnionSocioItems_I', 'TypeTokenRatio_I', 'SpeechRate_P', 'Eyes_looks_P', 'Polarity_P', 'SpeechActivity_I', 'Sad_I', 'LexicalRichness_P', 'Neutral_I', 'Gaze_movement_energy_P', 'Saccades_P', 'UnionSocioItems_P', 'SpeechRate_I', 'ReactionTime_P', 'Face_looks_P', 'Polarity_I', 'Happy_I', 'Gaze_speed_P', 'Smiles_I', 'ReactionTime_I', 'AU_all_I', 'TypeTokenRatio_P', 'LexicalRichness_I', 'Overlap_I', 'Feedbacks_P', 'Mouth_looks_P', 'Subjectivity_I'];['IPU_P_t6', 'IPU_P_t5', 'IPU_P_t4', 'IPU_P_t3', 'disc_IPU_P_t6', 'disc_IPU_P_t5', 'disc_IPU_P_t4', 'disc_IPU_P_t3', 'ReactionTime_P_t6', 'ReactionTime_P_t5', 'ReactionTime_P_t4', 'ReactionTime_P_t3', 'Feedbacks_P_t6', 'Feedbacks_P_t5', 'Feedbacks_P_t4', 'Feedbacks_P_t3', 'UnionSocioItems_P_t6', 'UnionSocioItems_P_t5', 'UnionSocioItems_P_t4', 'UnionSocioItems_P_t3', 'LexicalRichness_P_t6', 'LexicalRichness_P_t5', 'LexicalRichness_P_t4', 'LexicalRichness_P_t3', 'TypeTokenRatio_P_t6', 'TypeTokenRatio_P_t5', 'TypeTokenRatio_P_t4', 'TypeTokenRatio_P_t3', 'SpeechRate_P_t6', 'SpeechRate_P_t5', 'SpeechRate_P_t4', 'SpeechRate_P_t3', 'Polarity_P_t6', 'Polarity_P_t5', 'Polarity_P_t4', 'Polarity_P_t3', 'Subjectivity_P_t6', 'Subjectivity_P_t5', 'Subjectivity_P_t4', 'Subjectivity_P_t3', 'IPU_I_t6', 'IPU_I_t5', 'IPU_I_t4', 'IPU_I_t3', 'disc_IPU_I_t6', 'disc_IPU_I_t5', 'disc_IPU_I_t4', 'disc_IPU_I_t3', 'Overlap_I_t6', 'Overlap_I_t5', 'Overlap_I_t4', 'Overlap_I_t3', 'ReactionTime_I_t6', 'ReactionTime_I_t5', 'ReactionTime_I_t4', 'ReactionTime_I_t3', 'UnionSocioItems_I_t6', 'UnionSocioItems_I_t5', 'UnionSocioItems_I_t4', 'UnionSocioItems_I_t3', 'LexicalRichness_I_t6', 'LexicalRichness_I_t5', 'LexicalRichness_I_t4', 'LexicalRichness_I_t3', 'TypeTokenRatio_I_t6', 'TypeTokenRatio_I_t5', 'TypeTokenRatio_I_t4', 'TypeTokenRatio_I_t3', 'SpeechRate_I_t6', 'SpeechRate_I_t5', 'SpeechRate_I_t4', 'SpeechRate_I_t3', 'Polarity_I_t6', 'Polarity_I_t5', 'Polarity_I_t4', 'Polarity_I_t3', 'Subjectivity_I_t6', 'Subjectivity_I_t5', 'Subjectivity_I_t4', 'Subjectivity_I_t3', 'Smiles_I_t6', 'Smiles_I_t5', 'Smiles_I_t4', 'Smiles_I_t3', 'AUs_mouth_I_t6', 'AUs_mouth_I_t5', 'AUs_mouth_I_t4', 'AUs_mouth_I_t3', 'AU_eyes_I_t6', 'AU_eyes_I_t5', 'AU_eyes_I_t4', 'AU_eyes_I_t3', 'AU_all_I_t6', 'AU_all_I_t5', 'AU_all_I_t4', 'AU_all_I_t3', 'Angry_I_t6', 'Angry_I_t5', 'Angry_I_t4', 'Angry_I_t3', 'Happy_I_t6', 'Happy_I_t5', 'Happy_I_t4', 'Happy_I_t3', 'Sad_I_t6', 'Sad_I_t5', 'Sad_I_t4', 'Sad_I_t3', 'Neutral_I_t6', 'Neutral_I_t5', 'Neutral_I_t4', 'Neutral_I_t3', 'Gaze_speed_P_t6', 'Gaze_speed_P_t5', 'Gaze_speed_P_t4', 'Gaze_speed_P_t3', 'Gaze_movement_energy_P_t6', 'Gaze_movement_energy_P_t5', 'Gaze_movement_energy_P_t4', 'Gaze_movement_energy_P_t3', 'Saccades_P_t6', 'Saccades_P_t5', 'Saccades_P_t4', 'Saccades_P_t3', 'Face_looks_P_t6', 'Face_looks_P_t5', 'Face_looks_P_t4', 'Face_looks_P_t3', 'Mouth_looks_P_t6', 'Mouth_looks_P_t5', 'Mouth_looks_P_t4', 'Mouth_looks_P_t3', 'Eyes_looks_P_t6', 'Eyes_looks_P_t5', 'Eyes_looks_P_t4', 'Eyes_looks_P_t3'];[];0.49634683802070695;0.4943853427895981;0.5014918697929228;0.0144619910316788;0.01719488376672006;0.033725565142896964
RightV1;None_136;6;{'strategy': 'stratified', 'random_state': 5};['SpeechActivity_P', 'LexicalRichness_P', 'Neutral_I', 'Gaze_movement_energy_P', 'Face_looks_P', 'AU_eyes_I', 'Mouth_looks_P', 'UnionSocioItems_P', 'Subjectivity_I', 'Angry_I', 'UnionSocioItems_I', 'Gaze_speed_P', 'Overlap_I', 'AUs_mouth_I', 'TypeTokenRatio_I', 'Polarity_P', 'SpeechActivity_I', 'AU_all_I', 'Saccades_P', 'Sad_I', 'Polarity_I', 'SpeechRate_I', 'Happy_I', 'ReactionTime_P', 'Eyes_looks_P', 'ReactionTime_I', 'SpeechRate_P', 'TypeTokenRatio_P', 'LexicalRichness_I', 'Feedbacks_P', 'Smiles_I', 'Subjectivity_P'];['IPU_P_t6', 'IPU_P_t5', 'IPU_P_t4', 'IPU_P_t3', 'disc_IPU_P_t6', 'disc_IPU_P_t5', 'disc_IPU_P_t4', 'disc_IPU_P_t3', 'ReactionTime_P_t6', 'ReactionTime_P_t5', 'ReactionTime_P_t4', 'ReactionTime_P_t3', 'Feedbacks_P_t6', 'Feedbacks_P_t5', 'Feedbacks_P_t4', 'Feedbacks_P_t3', 'UnionSocioItems_P_t6', 'UnionSocioItems_P_t5', 'UnionSocioItems_P_t4', 'UnionSocioItems_P_t3', 'LexicalRichness_P_t6', 'LexicalRichness_P_t5', 'LexicalRichness_P_t4', 'LexicalRichness_P_t3', 'TypeTokenRatio_P_t6', 'TypeTokenRatio_P_t5', 'TypeTokenRatio_P_t4', 'TypeTokenRatio_P_t3', 'SpeechRate_P_t6', 'SpeechRate_P_t5', 'SpeechRate_P_t4', 'SpeechRate_P_t3', 'Polarity_P_t6', 'Polarity_P_t5', 'Polarity_P_t4', 'Polarity_P_t3', 'Subjectivity_P_t6', 'Subjectivity_P_t5', 'Subjectivity_P_t4', 'Subjectivity_P_t3', 'IPU_I_t6', 'IPU_I_t5', 'IPU_I_t4', 'IPU_I_t3', 'disc_IPU_I_t6', 'disc_IPU_I_t5', 'disc_IPU_I_t4', 'disc_IPU_I_t3', 'Overlap_I_t6', 'Overlap_I_t5', 'Overlap_I_t4', 'Overlap_I_t3', 'ReactionTime_I_t6', 'ReactionTime_I_t5', 'ReactionTime_I_t4', 'ReactionTime_I_t3', 'UnionSocioItems_I_t6', 'UnionSocioItems_I_t5', 'UnionSocioItems_I_t4', 'UnionSocioItems_I_t3', 'LexicalRichness_I_t6', 'LexicalRichness_I_t5', 'LexicalRichness_I_t4', 'LexicalRichness_I_t3', 'TypeTokenRatio_I_t6', 'TypeTokenRatio_I_t5', 'TypeTokenRatio_I_t4', 'TypeTokenRatio_I_t3', 'SpeechRate_I_t6', 'SpeechRate_I_t5', 'SpeechRate_I_t4', 'SpeechRate_I_t3', 'Polarity_I_t6', 'Polarity_I_t5', 'Polarity_I_t4', 'Polarity_I_t3', 'Subjectivity_I_t6', 'Subjectivity_I_t5', 'Subjectivity_I_t4', 'Subjectivity_I_t3', 'Smiles_I_t6', 'Smiles_I_t5', 'Smiles_I_t4', 'Smiles_I_t3', 'AUs_mouth_I_t6', 'AUs_mouth_I_t5', 'AUs_mouth_I_t4', 'AUs_mouth_I_t3', 'AU_eyes_I_t6', 'AU_eyes_I_t5', 'AU_eyes_I_t4', 'AU_eyes_I_t3', 'AU_all_I_t6', 'AU_all_I_t5', 'AU_all_I_t4', 'AU_all_I_t3', 'Angry_I_t6', 'Angry_I_t5', 'Angry_I_t4', 'Angry_I_t3', 'Happy_I_t6', 'Happy_I_t5', 'Happy_I_t4', 'Happy_I_t3', 'Sad_I_t6', 'Sad_I_t5', 'Sad_I_t4', 'Sad_I_t3', 'Neutral_I_t6', 'Neutral_I_t5', 'Neutral_I_t4', 'Neutral_I_t3', 'Gaze_speed_P_t6', 'Gaze_speed_P_t5', 'Gaze_speed_P_t4', 'Gaze_speed_P_t3', 'Gaze_movement_energy_P_t6', 'Gaze_movement_energy_P_t5', 'Gaze_movement_energy_P_t4', 'Gaze_movement_energy_P_t3', 'Saccades_P_t6', 'Saccades_P_t5', 'Saccades_P_t4', 'Saccades_P_t3', 'Face_looks_P_t6', 'Face_looks_P_t5', 'Face_looks_P_t4', 'Face_looks_P_t3', 'Mouth_looks_P_t6', 'Mouth_looks_P_t5', 'Mouth_looks_P_t4', 'Mouth_looks_P_t3', 'Eyes_looks_P_t6', 'Eyes_looks_P_t5', 'Eyes_looks_P_t4', 'Eyes_looks_P_t3'];[];0.5027484379578603;0.499113475177305;0.5087271653730208;0.017537471110206218;0.01571948600483283;0.03816757329014767
rMPFC;None_136;6;{'strategy': 'stratified', 'random_state': 5};['Happy_I', 'Mouth_looks_P', 'LexicalRichness_P', 'Eyes_looks_P', 'TypeTokenRatio_I', 'SpeechActivity_I', 'Subjectivity_P', 'Saccades_P', 'AU_eyes_I', 'SpeechActivity_P', 'Polarity_P', 'Angry_I', 'Gaze_speed_P', 'ReactionTime_I', 'UnionSocioItems_P', 'Feedbacks_P', 'UnionSocioItems_I', 'AUs_mouth_I', 'Polarity_I', 'SpeechRate_P', 'Overlap_I', 'TypeTokenRatio_P', 'Face_looks_P', 'Gaze_movement_energy_P', 'Neutral_I', 'SpeechRate_I', 'Sad_I', 'LexicalRichness_I', 'Subjectivity_I', 'Smiles_I', 'AU_all_I', 'ReactionTime_P'];['IPU_P_t6', 'IPU_P_t5', 'IPU_P_t4', 'IPU_P_t3', 'disc_IPU_P_t6', 'disc_IPU_P_t5', 'disc_IPU_P_t4', 'disc_IPU_P_t3', 'ReactionTime_P_t6', 'ReactionTime_P_t5', 'ReactionTime_P_t4', 'ReactionTime_P_t3', 'Feedbacks_P_t6', 'Feedbacks_P_t5', 'Feedbacks_P_t4', 'Feedbacks_P_t3', 'UnionSocioItems_P_t6', 'UnionSocioItems_P_t5', 'UnionSocioItems_P_t4', 'UnionSocioItems_P_t3', 'LexicalRichness_P_t6', 'LexicalRichness_P_t5', 'LexicalRichness_P_t4', 'LexicalRichness_P_t3', 'TypeTokenRatio_P_t6', 'TypeTokenRatio_P_t5', 'TypeTokenRatio_P_t4', 'TypeTokenRatio_P_t3', 'SpeechRate_P_t6', 'SpeechRate_P_t5', 'SpeechRate_P_t4', 'SpeechRate_P_t3', 'Polarity_P_t6', 'Polarity_P_t5', 'Polarity_P_t4', 'Polarity_P_t3', 'Subjectivity_P_t6', 'Subjectivity_P_t5', 'Subjectivity_P_t4', 'Subjectivity_P_t3', 'IPU_I_t6', 'IPU_I_t5', 'IPU_I_t4', 'IPU_I_t3', 'disc_IPU_I_t6', 'disc_IPU_I_t5', 'disc_IPU_I_t4', 'disc_IPU_I_t3', 'Overlap_I_t6', 'Overlap_I_t5', 'Overlap_I_t4', 'Overlap_I_t3', 'ReactionTime_I_t6', 'ReactionTime_I_t5', 'ReactionTime_I_t4', 'ReactionTime_I_t3', 'UnionSocioItems_I_t6', 'UnionSocioItems_I_t5', 'UnionSocioItems_I_t4', 'UnionSocioItems_I_t3', 'LexicalRichness_I_t6', 'LexicalRichness_I_t5', 'LexicalRichness_I_t4', 'LexicalRichness_I_t3', 'TypeTokenRatio_I_t6', 'TypeTokenRatio_I_t5', 'TypeTokenRatio_I_t4', 'TypeTokenRatio_I_t3', 'SpeechRate_I_t6', 'SpeechRate_I_t5', 'SpeechRate_I_t4', 'SpeechRate_I_t3', 'Polarity_I_t6', 'Polarity_I_t5', 'Polarity_I_t4', 'Polarity_I_t3', 'Subjectivity_I_t6', 'Subjectivity_I_t5', 'Subjectivity_I_t4', 'Subjectivity_I_t3', 'Smiles_I_t6', 'Smiles_I_t5', 'Smiles_I_t4', 'Smiles_I_t3', 'AUs_mouth_I_t6', 'AUs_mouth_I_t5', 'AUs_mouth_I_t4', 'AUs_mouth_I_t3', 'AU_eyes_I_t6', 'AU_eyes_I_t5', 'AU_eyes_I_t4', 'AU_eyes_I_t3', 'AU_all_I_t6', 'AU_all_I_t5', 'AU_all_I_t4', 'AU_all_I_t3', 'Angry_I_t6', 'Angry_I_t5', 'Angry_I_t4', 'Angry_I_t3', 'Happy_I_t6', 'Happy_I_t5', 'Happy_I_t4', 'Happy_I_t3', 'Sad_I_t6', 'Sad_I_t5', 'Sad_I_t4', 'Sad_I_t3', 'Neutral_I_t6', 'Neutral_I_t5', 'Neutral_I_t4', 'Neutral_I_t3', 'Gaze_speed_P_t6', 'Gaze_speed_P_t5', 'Gaze_speed_P_t4', 'Gaze_speed_P_t3', 'Gaze_movement_energy_P_t6', 'Gaze_movement_energy_P_t5', 'Gaze_movement_energy_P_t4', 'Gaze_movement_energy_P_t3', 'Saccades_P_t6', 'Saccades_P_t5', 'Saccades_P_t4', 'Saccades_P_t3', 'Face_looks_P_t6', 'Face_looks_P_t5', 'Face_looks_P_t4', 'Face_looks_P_t3', 'Mouth_looks_P_t6', 'Mouth_looks_P_t5', 'Mouth_looks_P_t4', 'Mouth_looks_P_t3', 'Eyes_looks_P_t6', 'Eyes_looks_P_t5', 'Eyes_looks_P_t4', 'Eyes_looks_P_t3'];[];0.5015028164084044;0.5141843971631206;0.5381316180182485;0.014653692259955109;0.019986503556748362;0.028825243565494887
