region	dm_method	lag	models_params	predictors_dict	selected_predictors	accuracy. mean	recall. mean	fscore. mean	accuracy. std	recall. std	fscore. std	K-Fscores	nb_predictors
LeftLatAmygdala	None_136	6	{'strategy': 'stratified', 'random_state': 5}	['Eyes_looks_P', 'Gaze_movement_energy_P', 'disc_IPU_I', 'ReactionTime_I', 'Mouth_looks_P', 'SpeechRate_I', 'Saccades_P', 'Subjectivity_I', 'LexicalRichness_I', 'Angry_I', 'Sad_I', 'LexicalRichness_P', 'UnionSocioItems_I', 'AU_all_I', 'TypeTokenRatio_I', 'Polarity_I', 'disc_IPU_P', 'AU_eyes_I', 'Happy_I', 'ReactionTime_P', 'IPU_I', 'Subjectivity_P', 'IPU_P', 'TypeTokenRatio_P', 'Overlap_I', 'UnionSocioItems_P', 'Polarity_P', 'Smiles_I', 'Feedbacks_P', 'Gaze_speed_P', 'AUs_mouth_I', 'Neutral_I', 'SpeechRate_P', 'Face_looks_P']	['IPU_P_t6', 'IPU_P_t5', 'IPU_P_t4', 'IPU_P_t3', 'disc_IPU_P_t6', 'disc_IPU_P_t5', 'disc_IPU_P_t4', 'disc_IPU_P_t3', 'ReactionTime_P_t6', 'ReactionTime_P_t5', 'ReactionTime_P_t4', 'ReactionTime_P_t3', 'Feedbacks_P_t6', 'Feedbacks_P_t5', 'Feedbacks_P_t4', 'Feedbacks_P_t3', 'UnionSocioItems_P_t6', 'UnionSocioItems_P_t5', 'UnionSocioItems_P_t4', 'UnionSocioItems_P_t3', 'LexicalRichness_P_t6', 'LexicalRichness_P_t5', 'LexicalRichness_P_t4', 'LexicalRichness_P_t3', 'TypeTokenRatio_P_t6', 'TypeTokenRatio_P_t5', 'TypeTokenRatio_P_t4', 'TypeTokenRatio_P_t3', 'SpeechRate_P_t6', 'SpeechRate_P_t5', 'SpeechRate_P_t4', 'SpeechRate_P_t3', 'Polarity_P_t6', 'Polarity_P_t5', 'Polarity_P_t4', 'Polarity_P_t3', 'Subjectivity_P_t6', 'Subjectivity_P_t5', 'Subjectivity_P_t4', 'Subjectivity_P_t3', 'IPU_I_t6', 'IPU_I_t5', 'IPU_I_t4', 'IPU_I_t3', 'disc_IPU_I_t6', 'disc_IPU_I_t5', 'disc_IPU_I_t4', 'disc_IPU_I_t3', 'Overlap_I_t6', 'Overlap_I_t5', 'Overlap_I_t4', 'Overlap_I_t3', 'ReactionTime_I_t6', 'ReactionTime_I_t5', 'ReactionTime_I_t4', 'ReactionTime_I_t3', 'UnionSocioItems_I_t6', 'UnionSocioItems_I_t5', 'UnionSocioItems_I_t4', 'UnionSocioItems_I_t3', 'LexicalRichness_I_t6', 'LexicalRichness_I_t5', 'LexicalRichness_I_t4', 'LexicalRichness_I_t3', 'TypeTokenRatio_I_t6', 'TypeTokenRatio_I_t5', 'TypeTokenRatio_I_t4', 'TypeTokenRatio_I_t3', 'SpeechRate_I_t6', 'SpeechRate_I_t5', 'SpeechRate_I_t4', 'SpeechRate_I_t3', 'Polarity_I_t6', 'Polarity_I_t5', 'Polarity_I_t4', 'Polarity_I_t3', 'Subjectivity_I_t6', 'Subjectivity_I_t5', 'Subjectivity_I_t4', 'Subjectivity_I_t3', 'Smiles_I_t6', 'Smiles_I_t5', 'Smiles_I_t4', 'Smiles_I_t3', 'AUs_mouth_I_t6', 'AUs_mouth_I_t5', 'AUs_mouth_I_t4', 'AUs_mouth_I_t3', 'AU_eyes_I_t6', 'AU_eyes_I_t5', 'AU_eyes_I_t4', 'AU_eyes_I_t3', 'AU_all_I_t6', 'AU_all_I_t5', 'AU_all_I_t4', 'AU_all_I_t3', 'Angry_I_t6', 'Angry_I_t5', 'Angry_I_t4', 'Angry_I_t3', 'Happy_I_t6', 'Happy_I_t5', 'Happy_I_t4', 'Happy_I_t3', 'Sad_I_t6', 'Sad_I_t5', 'Sad_I_t4', 'Sad_I_t3', 'Neutral_I_t6', 'Neutral_I_t5', 'Neutral_I_t4', 'Neutral_I_t3', 'Gaze_speed_P_t6', 'Gaze_speed_P_t5', 'Gaze_speed_P_t4', 'Gaze_speed_P_t3', 'Gaze_movement_energy_P_t6', 'Gaze_movement_energy_P_t5', 'Gaze_movement_energy_P_t4', 'Gaze_movement_energy_P_t3', 'Saccades_P_t6', 'Saccades_P_t5', 'Saccades_P_t4', 'Saccades_P_t3', 'Face_looks_P_t6', 'Face_looks_P_t5', 'Face_looks_P_t4', 'Face_looks_P_t3', 'Mouth_looks_P_t6', 'Mouth_looks_P_t5', 'Mouth_looks_P_t4', 'Mouth_looks_P_t3', 'Eyes_looks_P_t6', 'Eyes_looks_P_t5', 'Eyes_looks_P_t4', 'Eyes_looks_P_t3']	0.4974138396193175	0.61	0.52	0.02118187852587849	0.01835779630817912	0.0231552952976761	0.5442850206197655,0.4967217594067594,0.48947936550100474,0.5156350570350406,0.5360834796837296,0.486286502385884,0.5442862448649526,0.5168950228581105,0.5496841214119534,0.5411059216674792	34
LeftPrecuneus	None_136	6	{'strategy': 'stratified', 'random_state': 5}	['IPU_I', 'Neutral_I', 'Sad_I', 'TypeTokenRatio_I', 'AU_all_I', 'UnionSocioItems_P', 'TypeTokenRatio_P', 'Saccades_P', 'ReactionTime_I', 'ReactionTime_P', 'disc_IPU_I', 'AUs_mouth_I', 'Mouth_looks_P', 'Polarity_I', 'disc_IPU_P', 'LexicalRichness_I', 'Gaze_speed_P', 'Feedbacks_P', 'Gaze_movement_energy_P', 'UnionSocioItems_I', 'Eyes_looks_P', 'Overlap_I', 'Smiles_I', 'AU_eyes_I', 'Subjectivity_I', 'Polarity_P', 'Happy_I', 'Angry_I', 'IPU_P', 'SpeechRate_P', 'Subjectivity_P', 'Face_looks_P', 'SpeechRate_I', 'LexicalRichness_P']	['IPU_P_t6', 'IPU_P_t5', 'IPU_P_t4', 'IPU_P_t3', 'disc_IPU_P_t6', 'disc_IPU_P_t5', 'disc_IPU_P_t4', 'disc_IPU_P_t3', 'ReactionTime_P_t6', 'ReactionTime_P_t5', 'ReactionTime_P_t4', 'ReactionTime_P_t3', 'Feedbacks_P_t6', 'Feedbacks_P_t5', 'Feedbacks_P_t4', 'Feedbacks_P_t3', 'UnionSocioItems_P_t6', 'UnionSocioItems_P_t5', 'UnionSocioItems_P_t4', 'UnionSocioItems_P_t3', 'LexicalRichness_P_t6', 'LexicalRichness_P_t5', 'LexicalRichness_P_t4', 'LexicalRichness_P_t3', 'TypeTokenRatio_P_t6', 'TypeTokenRatio_P_t5', 'TypeTokenRatio_P_t4', 'TypeTokenRatio_P_t3', 'SpeechRate_P_t6', 'SpeechRate_P_t5', 'SpeechRate_P_t4', 'SpeechRate_P_t3', 'Polarity_P_t6', 'Polarity_P_t5', 'Polarity_P_t4', 'Polarity_P_t3', 'Subjectivity_P_t6', 'Subjectivity_P_t5', 'Subjectivity_P_t4', 'Subjectivity_P_t3', 'IPU_I_t6', 'IPU_I_t5', 'IPU_I_t4', 'IPU_I_t3', 'disc_IPU_I_t6', 'disc_IPU_I_t5', 'disc_IPU_I_t4', 'disc_IPU_I_t3', 'Overlap_I_t6', 'Overlap_I_t5', 'Overlap_I_t4', 'Overlap_I_t3', 'ReactionTime_I_t6', 'ReactionTime_I_t5', 'ReactionTime_I_t4', 'ReactionTime_I_t3', 'UnionSocioItems_I_t6', 'UnionSocioItems_I_t5', 'UnionSocioItems_I_t4', 'UnionSocioItems_I_t3', 'LexicalRichness_I_t6', 'LexicalRichness_I_t5', 'LexicalRichness_I_t4', 'LexicalRichness_I_t3', 'TypeTokenRatio_I_t6', 'TypeTokenRatio_I_t5', 'TypeTokenRatio_I_t4', 'TypeTokenRatio_I_t3', 'SpeechRate_I_t6', 'SpeechRate_I_t5', 'SpeechRate_I_t4', 'SpeechRate_I_t3', 'Polarity_I_t6', 'Polarity_I_t5', 'Polarity_I_t4', 'Polarity_I_t3', 'Subjectivity_I_t6', 'Subjectivity_I_t5', 'Subjectivity_I_t4', 'Subjectivity_I_t3', 'Smiles_I_t6', 'Smiles_I_t5', 'Smiles_I_t4', 'Smiles_I_t3', 'AUs_mouth_I_t6', 'AUs_mouth_I_t5', 'AUs_mouth_I_t4', 'AUs_mouth_I_t3', 'AU_eyes_I_t6', 'AU_eyes_I_t5', 'AU_eyes_I_t4', 'AU_eyes_I_t3', 'AU_all_I_t6', 'AU_all_I_t5', 'AU_all_I_t4', 'AU_all_I_t3', 'Angry_I_t6', 'Angry_I_t5', 'Angry_I_t4', 'Angry_I_t3', 'Happy_I_t6', 'Happy_I_t5', 'Happy_I_t4', 'Happy_I_t3', 'Sad_I_t6', 'Sad_I_t5', 'Sad_I_t4', 'Sad_I_t3', 'Neutral_I_t6', 'Neutral_I_t5', 'Neutral_I_t4', 'Neutral_I_t3', 'Gaze_speed_P_t6', 'Gaze_speed_P_t5', 'Gaze_speed_P_t4', 'Gaze_speed_P_t3', 'Gaze_movement_energy_P_t6', 'Gaze_movement_energy_P_t5', 'Gaze_movement_energy_P_t4', 'Gaze_movement_energy_P_t3', 'Saccades_P_t6', 'Saccades_P_t5', 'Saccades_P_t4', 'Saccades_P_t3', 'Face_looks_P_t6', 'Face_looks_P_t5', 'Face_looks_P_t4', 'Face_looks_P_t3', 'Mouth_looks_P_t6', 'Mouth_looks_P_t5', 'Mouth_looks_P_t4', 'Mouth_looks_P_t3', 'Eyes_looks_P_t6', 'Eyes_looks_P_t5', 'Eyes_looks_P_t4', 'Eyes_looks_P_t3']	0.4999047146270176	0.62	0.53	0.006130333757883784	0.008420460891210709	0.021983527743920445	0.556514029337208,0.5551144381570663,0.509121973469969,0.5338333485777005,0.5345227842374081,0.5539336980620947,0.49373968612780056,0.519874006299685,0.5118944693848453,0.5017468042224865	34
LeftSTS	None_136	6	{'strategy': 'stratified', 'random_state': 5}	['Sad_I', 'Subjectivity_I', 'SpeechRate_P', 'SpeechRate_I', 'Happy_I', 'Polarity_P', 'Neutral_I', 'LexicalRichness_I', 'Saccades_P', 'TypeTokenRatio_P', 'Mouth_looks_P', 'IPU_P', 'Gaze_speed_P', 'Polarity_I', 'Subjectivity_P', 'AU_all_I', 'Angry_I', 'IPU_I', 'disc_IPU_P', 'Eyes_looks_P', 'UnionSocioItems_P', 'TypeTokenRatio_I', 'LexicalRichness_P', 'disc_IPU_I', 'Feedbacks_P', 'Overlap_I', 'ReactionTime_I', 'AU_eyes_I', 'Gaze_movement_energy_P', 'UnionSocioItems_I', 'Face_looks_P', 'ReactionTime_P', 'Smiles_I', 'AUs_mouth_I']	['IPU_P_t6', 'IPU_P_t5', 'IPU_P_t4', 'IPU_P_t3', 'disc_IPU_P_t6', 'disc_IPU_P_t5', 'disc_IPU_P_t4', 'disc_IPU_P_t3', 'ReactionTime_P_t6', 'ReactionTime_P_t5', 'ReactionTime_P_t4', 'ReactionTime_P_t3', 'Feedbacks_P_t6', 'Feedbacks_P_t5', 'Feedbacks_P_t4', 'Feedbacks_P_t3', 'UnionSocioItems_P_t6', 'UnionSocioItems_P_t5', 'UnionSocioItems_P_t4', 'UnionSocioItems_P_t3', 'LexicalRichness_P_t6', 'LexicalRichness_P_t5', 'LexicalRichness_P_t4', 'LexicalRichness_P_t3', 'TypeTokenRatio_P_t6', 'TypeTokenRatio_P_t5', 'TypeTokenRatio_P_t4', 'TypeTokenRatio_P_t3', 'SpeechRate_P_t6', 'SpeechRate_P_t5', 'SpeechRate_P_t4', 'SpeechRate_P_t3', 'Polarity_P_t6', 'Polarity_P_t5', 'Polarity_P_t4', 'Polarity_P_t3', 'Subjectivity_P_t6', 'Subjectivity_P_t5', 'Subjectivity_P_t4', 'Subjectivity_P_t3', 'IPU_I_t6', 'IPU_I_t5', 'IPU_I_t4', 'IPU_I_t3', 'disc_IPU_I_t6', 'disc_IPU_I_t5', 'disc_IPU_I_t4', 'disc_IPU_I_t3', 'Overlap_I_t6', 'Overlap_I_t5', 'Overlap_I_t4', 'Overlap_I_t3', 'ReactionTime_I_t6', 'ReactionTime_I_t5', 'ReactionTime_I_t4', 'ReactionTime_I_t3', 'UnionSocioItems_I_t6', 'UnionSocioItems_I_t5', 'UnionSocioItems_I_t4', 'UnionSocioItems_I_t3', 'LexicalRichness_I_t6', 'LexicalRichness_I_t5', 'LexicalRichness_I_t4', 'LexicalRichness_I_t3', 'TypeTokenRatio_I_t6', 'TypeTokenRatio_I_t5', 'TypeTokenRatio_I_t4', 'TypeTokenRatio_I_t3', 'SpeechRate_I_t6', 'SpeechRate_I_t5', 'SpeechRate_I_t4', 'SpeechRate_I_t3', 'Polarity_I_t6', 'Polarity_I_t5', 'Polarity_I_t4', 'Polarity_I_t3', 'Subjectivity_I_t6', 'Subjectivity_I_t5', 'Subjectivity_I_t4', 'Subjectivity_I_t3', 'Smiles_I_t6', 'Smiles_I_t5', 'Smiles_I_t4', 'Smiles_I_t3', 'AUs_mouth_I_t6', 'AUs_mouth_I_t5', 'AUs_mouth_I_t4', 'AUs_mouth_I_t3', 'AU_eyes_I_t6', 'AU_eyes_I_t5', 'AU_eyes_I_t4', 'AU_eyes_I_t3', 'AU_all_I_t6', 'AU_all_I_t5', 'AU_all_I_t4', 'AU_all_I_t3', 'Angry_I_t6', 'Angry_I_t5', 'Angry_I_t4', 'Angry_I_t3', 'Happy_I_t6', 'Happy_I_t5', 'Happy_I_t4', 'Happy_I_t3', 'Sad_I_t6', 'Sad_I_t5', 'Sad_I_t4', 'Sad_I_t3', 'Neutral_I_t6', 'Neutral_I_t5', 'Neutral_I_t4', 'Neutral_I_t3', 'Gaze_speed_P_t6', 'Gaze_speed_P_t5', 'Gaze_speed_P_t4', 'Gaze_speed_P_t3', 'Gaze_movement_energy_P_t6', 'Gaze_movement_energy_P_t5', 'Gaze_movement_energy_P_t4', 'Gaze_movement_energy_P_t3', 'Saccades_P_t6', 'Saccades_P_t5', 'Saccades_P_t4', 'Saccades_P_t3', 'Face_looks_P_t6', 'Face_looks_P_t5', 'Face_looks_P_t4', 'Face_looks_P_t3', 'Mouth_looks_P_t6', 'Mouth_looks_P_t5', 'Mouth_looks_P_t4', 'Mouth_looks_P_t3', 'Eyes_looks_P_t6', 'Eyes_looks_P_t5', 'Eyes_looks_P_t4', 'Eyes_looks_P_t3']	0.4996418405056801	0.63	0.53	0.016581753152577417	0.01664846976280902	0.03405048395601293	0.470622089657805,0.5190741432825534,0.5327558492907305,0.5488278561646533,0.5731778323274904,0.5461261062980477,0.5276140453283007,0.4769094845750324,0.5361308182083178,0.5811492625387518	34
LeftTemporoParietalJunction	None_136	6	{'strategy': 'stratified', 'random_state': 5}	['UnionSocioItems_P', 'SpeechRate_I', 'Eyes_looks_P', 'LexicalRichness_I', 'Smiles_I', 'Saccades_P', 'Polarity_P', 'AUs_mouth_I', 'ReactionTime_I', 'Gaze_speed_P', 'Feedbacks_P', 'TypeTokenRatio_P', 'Neutral_I', 'Sad_I', 'UnionSocioItems_I', 'AU_eyes_I', 'Mouth_looks_P', 'ReactionTime_P', 'SpeechRate_P', 'Happy_I', 'Overlap_I', 'Gaze_movement_energy_P', 'Polarity_I', 'disc_IPU_I', 'disc_IPU_P', 'IPU_P', 'IPU_I', 'Face_looks_P', 'TypeTokenRatio_I', 'Subjectivity_P', 'Subjectivity_I', 'AU_all_I', 'LexicalRichness_P', 'Angry_I']	['IPU_P_t6', 'IPU_P_t5', 'IPU_P_t4', 'IPU_P_t3', 'disc_IPU_P_t6', 'disc_IPU_P_t5', 'disc_IPU_P_t4', 'disc_IPU_P_t3', 'ReactionTime_P_t6', 'ReactionTime_P_t5', 'ReactionTime_P_t4', 'ReactionTime_P_t3', 'Feedbacks_P_t6', 'Feedbacks_P_t5', 'Feedbacks_P_t4', 'Feedbacks_P_t3', 'UnionSocioItems_P_t6', 'UnionSocioItems_P_t5', 'UnionSocioItems_P_t4', 'UnionSocioItems_P_t3', 'LexicalRichness_P_t6', 'LexicalRichness_P_t5', 'LexicalRichness_P_t4', 'LexicalRichness_P_t3', 'TypeTokenRatio_P_t6', 'TypeTokenRatio_P_t5', 'TypeTokenRatio_P_t4', 'TypeTokenRatio_P_t3', 'SpeechRate_P_t6', 'SpeechRate_P_t5', 'SpeechRate_P_t4', 'SpeechRate_P_t3', 'Polarity_P_t6', 'Polarity_P_t5', 'Polarity_P_t4', 'Polarity_P_t3', 'Subjectivity_P_t6', 'Subjectivity_P_t5', 'Subjectivity_P_t4', 'Subjectivity_P_t3', 'IPU_I_t6', 'IPU_I_t5', 'IPU_I_t4', 'IPU_I_t3', 'disc_IPU_I_t6', 'disc_IPU_I_t5', 'disc_IPU_I_t4', 'disc_IPU_I_t3', 'Overlap_I_t6', 'Overlap_I_t5', 'Overlap_I_t4', 'Overlap_I_t3', 'ReactionTime_I_t6', 'ReactionTime_I_t5', 'ReactionTime_I_t4', 'ReactionTime_I_t3', 'UnionSocioItems_I_t6', 'UnionSocioItems_I_t5', 'UnionSocioItems_I_t4', 'UnionSocioItems_I_t3', 'LexicalRichness_I_t6', 'LexicalRichness_I_t5', 'LexicalRichness_I_t4', 'LexicalRichness_I_t3', 'TypeTokenRatio_I_t6', 'TypeTokenRatio_I_t5', 'TypeTokenRatio_I_t4', 'TypeTokenRatio_I_t3', 'SpeechRate_I_t6', 'SpeechRate_I_t5', 'SpeechRate_I_t4', 'SpeechRate_I_t3', 'Polarity_I_t6', 'Polarity_I_t5', 'Polarity_I_t4', 'Polarity_I_t3', 'Subjectivity_I_t6', 'Subjectivity_I_t5', 'Subjectivity_I_t4', 'Subjectivity_I_t3', 'Smiles_I_t6', 'Smiles_I_t5', 'Smiles_I_t4', 'Smiles_I_t3', 'AUs_mouth_I_t6', 'AUs_mouth_I_t5', 'AUs_mouth_I_t4', 'AUs_mouth_I_t3', 'AU_eyes_I_t6', 'AU_eyes_I_t5', 'AU_eyes_I_t4', 'AU_eyes_I_t3', 'AU_all_I_t6', 'AU_all_I_t5', 'AU_all_I_t4', 'AU_all_I_t3', 'Angry_I_t6', 'Angry_I_t5', 'Angry_I_t4', 'Angry_I_t3', 'Happy_I_t6', 'Happy_I_t5', 'Happy_I_t4', 'Happy_I_t3', 'Sad_I_t6', 'Sad_I_t5', 'Sad_I_t4', 'Sad_I_t3', 'Neutral_I_t6', 'Neutral_I_t5', 'Neutral_I_t4', 'Neutral_I_t3', 'Gaze_speed_P_t6', 'Gaze_speed_P_t5', 'Gaze_speed_P_t4', 'Gaze_speed_P_t3', 'Gaze_movement_energy_P_t6', 'Gaze_movement_energy_P_t5', 'Gaze_movement_energy_P_t4', 'Gaze_movement_energy_P_t3', 'Saccades_P_t6', 'Saccades_P_t5', 'Saccades_P_t4', 'Saccades_P_t3', 'Face_looks_P_t6', 'Face_looks_P_t5', 'Face_looks_P_t4', 'Face_looks_P_t3', 'Mouth_looks_P_t6', 'Mouth_looks_P_t5', 'Mouth_looks_P_t4', 'Mouth_looks_P_t3', 'Eyes_looks_P_t6', 'Eyes_looks_P_t5', 'Eyes_looks_P_t4', 'Eyes_looks_P_t3']	0.5043733934604792	0.62	0.53	0.01074375972230167	0.009145644867300995	0.02493694517027196	0.5709982529351255,0.518029283207759,0.5485282121867029,0.5171901240509124,0.5074865686190199,0.5603670087400054,0.5416006493942634,0.4892020341286635,0.511282750265031,0.5107989632401386	34
LeftV1	None_136	6	{'strategy': 'stratified', 'random_state': 5}	['TypeTokenRatio_I', 'Smiles_I', 'ReactionTime_P', 'Face_looks_P', 'LexicalRichness_P', 'Subjectivity_I', 'LexicalRichness_I', 'UnionSocioItems_I', 'Subjectivity_P', 'Neutral_I', 'Gaze_speed_P', 'AU_eyes_I', 'Eyes_looks_P', 'disc_IPU_I', 'ReactionTime_I', 'Sad_I', 'SpeechRate_P', 'disc_IPU_P', 'AUs_mouth_I', 'Feedbacks_P', 'Saccades_P', 'SpeechRate_I', 'IPU_P', 'AU_all_I', 'Overlap_I', 'TypeTokenRatio_P', 'IPU_I', 'Polarity_I', 'Angry_I', 'Mouth_looks_P', 'Happy_I', 'UnionSocioItems_P', 'Polarity_P', 'Gaze_movement_energy_P']	['IPU_P_t6', 'IPU_P_t5', 'IPU_P_t4', 'IPU_P_t3', 'disc_IPU_P_t6', 'disc_IPU_P_t5', 'disc_IPU_P_t4', 'disc_IPU_P_t3', 'ReactionTime_P_t6', 'ReactionTime_P_t5', 'ReactionTime_P_t4', 'ReactionTime_P_t3', 'Feedbacks_P_t6', 'Feedbacks_P_t5', 'Feedbacks_P_t4', 'Feedbacks_P_t3', 'UnionSocioItems_P_t6', 'UnionSocioItems_P_t5', 'UnionSocioItems_P_t4', 'UnionSocioItems_P_t3', 'LexicalRichness_P_t6', 'LexicalRichness_P_t5', 'LexicalRichness_P_t4', 'LexicalRichness_P_t3', 'TypeTokenRatio_P_t6', 'TypeTokenRatio_P_t5', 'TypeTokenRatio_P_t4', 'TypeTokenRatio_P_t3', 'SpeechRate_P_t6', 'SpeechRate_P_t5', 'SpeechRate_P_t4', 'SpeechRate_P_t3', 'Polarity_P_t6', 'Polarity_P_t5', 'Polarity_P_t4', 'Polarity_P_t3', 'Subjectivity_P_t6', 'Subjectivity_P_t5', 'Subjectivity_P_t4', 'Subjectivity_P_t3', 'IPU_I_t6', 'IPU_I_t5', 'IPU_I_t4', 'IPU_I_t3', 'disc_IPU_I_t6', 'disc_IPU_I_t5', 'disc_IPU_I_t4', 'disc_IPU_I_t3', 'Overlap_I_t6', 'Overlap_I_t5', 'Overlap_I_t4', 'Overlap_I_t3', 'ReactionTime_I_t6', 'ReactionTime_I_t5', 'ReactionTime_I_t4', 'ReactionTime_I_t3', 'UnionSocioItems_I_t6', 'UnionSocioItems_I_t5', 'UnionSocioItems_I_t4', 'UnionSocioItems_I_t3', 'LexicalRichness_I_t6', 'LexicalRichness_I_t5', 'LexicalRichness_I_t4', 'LexicalRichness_I_t3', 'TypeTokenRatio_I_t6', 'TypeTokenRatio_I_t5', 'TypeTokenRatio_I_t4', 'TypeTokenRatio_I_t3', 'SpeechRate_I_t6', 'SpeechRate_I_t5', 'SpeechRate_I_t4', 'SpeechRate_I_t3', 'Polarity_I_t6', 'Polarity_I_t5', 'Polarity_I_t4', 'Polarity_I_t3', 'Subjectivity_I_t6', 'Subjectivity_I_t5', 'Subjectivity_I_t4', 'Subjectivity_I_t3', 'Smiles_I_t6', 'Smiles_I_t5', 'Smiles_I_t4', 'Smiles_I_t3', 'AUs_mouth_I_t6', 'AUs_mouth_I_t5', 'AUs_mouth_I_t4', 'AUs_mouth_I_t3', 'AU_eyes_I_t6', 'AU_eyes_I_t5', 'AU_eyes_I_t4', 'AU_eyes_I_t3', 'AU_all_I_t6', 'AU_all_I_t5', 'AU_all_I_t4', 'AU_all_I_t3', 'Angry_I_t6', 'Angry_I_t5', 'Angry_I_t4', 'Angry_I_t3', 'Happy_I_t6', 'Happy_I_t5', 'Happy_I_t4', 'Happy_I_t3', 'Sad_I_t6', 'Sad_I_t5', 'Sad_I_t4', 'Sad_I_t3', 'Neutral_I_t6', 'Neutral_I_t5', 'Neutral_I_t4', 'Neutral_I_t3', 'Gaze_speed_P_t6', 'Gaze_speed_P_t5', 'Gaze_speed_P_t4', 'Gaze_speed_P_t3', 'Gaze_movement_energy_P_t6', 'Gaze_movement_energy_P_t5', 'Gaze_movement_energy_P_t4', 'Gaze_movement_energy_P_t3', 'Saccades_P_t6', 'Saccades_P_t5', 'Saccades_P_t4', 'Saccades_P_t3', 'Face_looks_P_t6', 'Face_looks_P_t5', 'Face_looks_P_t4', 'Face_looks_P_t3', 'Mouth_looks_P_t6', 'Mouth_looks_P_t5', 'Mouth_looks_P_t4', 'Mouth_looks_P_t3', 'Eyes_looks_P_t6', 'Eyes_looks_P_t5', 'Eyes_looks_P_t4', 'Eyes_looks_P_t3']	0.5066671796608064	0.62	0.53	0.0144619910316788	0.01719488376672006	0.033725565142896964	0.5907698125729511,0.4593302979452457,0.5285019442488468,0.549228425394754,0.5677280449964285,0.539835926035419,0.5308204107659643,0.544223437061957,0.5024695501542792,0.5282276500568688	34
LeftVMPFC	None_136	6	{'strategy': 'stratified', 'random_state': 5}	['AUs_mouth_I', 'UnionSocioItems_P', 'ReactionTime_P', 'LexicalRichness_I', 'IPU_P', 'Saccades_P', 'Eyes_looks_P', 'disc_IPU_P', 'Gaze_movement_energy_P', 'TypeTokenRatio_I', 'Feedbacks_P', 'UnionSocioItems_I', 'Subjectivity_P', 'LexicalRichness_P', 'AU_eyes_I', 'Mouth_looks_P', 'Face_looks_P', 'SpeechRate_I', 'Angry_I', 'SpeechRate_P', 'Neutral_I', 'Happy_I', 'AU_all_I', 'Subjectivity_I', 'IPU_I', 'Polarity_I', 'TypeTokenRatio_P', 'Gaze_speed_P', 'ReactionTime_I', 'Polarity_P', 'Overlap_I', 'disc_IPU_I', 'Smiles_I', 'Sad_I']	['IPU_P_t6', 'IPU_P_t5', 'IPU_P_t4', 'IPU_P_t3', 'disc_IPU_P_t6', 'disc_IPU_P_t5', 'disc_IPU_P_t4', 'disc_IPU_P_t3', 'ReactionTime_P_t6', 'ReactionTime_P_t5', 'ReactionTime_P_t4', 'ReactionTime_P_t3', 'Feedbacks_P_t6', 'Feedbacks_P_t5', 'Feedbacks_P_t4', 'Feedbacks_P_t3', 'UnionSocioItems_P_t6', 'UnionSocioItems_P_t5', 'UnionSocioItems_P_t4', 'UnionSocioItems_P_t3', 'LexicalRichness_P_t6', 'LexicalRichness_P_t5', 'LexicalRichness_P_t4', 'LexicalRichness_P_t3', 'TypeTokenRatio_P_t6', 'TypeTokenRatio_P_t5', 'TypeTokenRatio_P_t4', 'TypeTokenRatio_P_t3', 'SpeechRate_P_t6', 'SpeechRate_P_t5', 'SpeechRate_P_t4', 'SpeechRate_P_t3', 'Polarity_P_t6', 'Polarity_P_t5', 'Polarity_P_t4', 'Polarity_P_t3', 'Subjectivity_P_t6', 'Subjectivity_P_t5', 'Subjectivity_P_t4', 'Subjectivity_P_t3', 'IPU_I_t6', 'IPU_I_t5', 'IPU_I_t4', 'IPU_I_t3', 'disc_IPU_I_t6', 'disc_IPU_I_t5', 'disc_IPU_I_t4', 'disc_IPU_I_t3', 'Overlap_I_t6', 'Overlap_I_t5', 'Overlap_I_t4', 'Overlap_I_t3', 'ReactionTime_I_t6', 'ReactionTime_I_t5', 'ReactionTime_I_t4', 'ReactionTime_I_t3', 'UnionSocioItems_I_t6', 'UnionSocioItems_I_t5', 'UnionSocioItems_I_t4', 'UnionSocioItems_I_t3', 'LexicalRichness_I_t6', 'LexicalRichness_I_t5', 'LexicalRichness_I_t4', 'LexicalRichness_I_t3', 'TypeTokenRatio_I_t6', 'TypeTokenRatio_I_t5', 'TypeTokenRatio_I_t4', 'TypeTokenRatio_I_t3', 'SpeechRate_I_t6', 'SpeechRate_I_t5', 'SpeechRate_I_t4', 'SpeechRate_I_t3', 'Polarity_I_t6', 'Polarity_I_t5', 'Polarity_I_t4', 'Polarity_I_t3', 'Subjectivity_I_t6', 'Subjectivity_I_t5', 'Subjectivity_I_t4', 'Subjectivity_I_t3', 'Smiles_I_t6', 'Smiles_I_t5', 'Smiles_I_t4', 'Smiles_I_t3', 'AUs_mouth_I_t6', 'AUs_mouth_I_t5', 'AUs_mouth_I_t4', 'AUs_mouth_I_t3', 'AU_eyes_I_t6', 'AU_eyes_I_t5', 'AU_eyes_I_t4', 'AU_eyes_I_t3', 'AU_all_I_t6', 'AU_all_I_t5', 'AU_all_I_t4', 'AU_all_I_t3', 'Angry_I_t6', 'Angry_I_t5', 'Angry_I_t4', 'Angry_I_t3', 'Happy_I_t6', 'Happy_I_t5', 'Happy_I_t4', 'Happy_I_t3', 'Sad_I_t6', 'Sad_I_t5', 'Sad_I_t4', 'Sad_I_t3', 'Neutral_I_t6', 'Neutral_I_t5', 'Neutral_I_t4', 'Neutral_I_t3', 'Gaze_speed_P_t6', 'Gaze_speed_P_t5', 'Gaze_speed_P_t4', 'Gaze_speed_P_t3', 'Gaze_movement_energy_P_t6', 'Gaze_movement_energy_P_t5', 'Gaze_movement_energy_P_t4', 'Gaze_movement_energy_P_t3', 'Saccades_P_t6', 'Saccades_P_t5', 'Saccades_P_t4', 'Saccades_P_t3', 'Face_looks_P_t6', 'Face_looks_P_t5', 'Face_looks_P_t4', 'Face_looks_P_t3', 'Mouth_looks_P_t6', 'Mouth_looks_P_t5', 'Mouth_looks_P_t4', 'Mouth_looks_P_t3', 'Eyes_looks_P_t6', 'Eyes_looks_P_t5', 'Eyes_looks_P_t4', 'Eyes_looks_P_t3']	0.5014328398432379	0.63	0.53	0.015853371630036542	0.015248285969190062	0.02797786577380627	0.526955927171626,0.540942217030044,0.5288735677339588,0.49682260688565183,0.5653047965243484,0.5086987648657478,0.5975294711161813,0.5104562586319891,0.5245238664444402,0.5280775370282021	34
RightLatAmygdala	None_136	6	{'strategy': 'stratified', 'random_state': 5}	['UnionSocioItems_P', 'Polarity_P', 'IPU_I', 'ReactionTime_I', 'ReactionTime_P', 'Saccades_P', 'AU_eyes_I', 'LexicalRichness_I', 'Face_looks_P', 'Polarity_I', 'UnionSocioItems_I', 'Subjectivity_P', 'TypeTokenRatio_I', 'IPU_P', 'AU_all_I', 'disc_IPU_I', 'Overlap_I', 'SpeechRate_P', 'Happy_I', 'Mouth_looks_P', 'Smiles_I', 'Gaze_movement_energy_P', 'SpeechRate_I', 'Feedbacks_P', 'disc_IPU_P', 'Sad_I', 'Angry_I', 'LexicalRichness_P', 'Neutral_I', 'Eyes_looks_P', 'TypeTokenRatio_P', 'Gaze_speed_P', 'AUs_mouth_I', 'Subjectivity_I']	['IPU_P_t6', 'IPU_P_t5', 'IPU_P_t4', 'IPU_P_t3', 'disc_IPU_P_t6', 'disc_IPU_P_t5', 'disc_IPU_P_t4', 'disc_IPU_P_t3', 'ReactionTime_P_t6', 'ReactionTime_P_t5', 'ReactionTime_P_t4', 'ReactionTime_P_t3', 'Feedbacks_P_t6', 'Feedbacks_P_t5', 'Feedbacks_P_t4', 'Feedbacks_P_t3', 'UnionSocioItems_P_t6', 'UnionSocioItems_P_t5', 'UnionSocioItems_P_t4', 'UnionSocioItems_P_t3', 'LexicalRichness_P_t6', 'LexicalRichness_P_t5', 'LexicalRichness_P_t4', 'LexicalRichness_P_t3', 'TypeTokenRatio_P_t6', 'TypeTokenRatio_P_t5', 'TypeTokenRatio_P_t4', 'TypeTokenRatio_P_t3', 'SpeechRate_P_t6', 'SpeechRate_P_t5', 'SpeechRate_P_t4', 'SpeechRate_P_t3', 'Polarity_P_t6', 'Polarity_P_t5', 'Polarity_P_t4', 'Polarity_P_t3', 'Subjectivity_P_t6', 'Subjectivity_P_t5', 'Subjectivity_P_t4', 'Subjectivity_P_t3', 'IPU_I_t6', 'IPU_I_t5', 'IPU_I_t4', 'IPU_I_t3', 'disc_IPU_I_t6', 'disc_IPU_I_t5', 'disc_IPU_I_t4', 'disc_IPU_I_t3', 'Overlap_I_t6', 'Overlap_I_t5', 'Overlap_I_t4', 'Overlap_I_t3', 'ReactionTime_I_t6', 'ReactionTime_I_t5', 'ReactionTime_I_t4', 'ReactionTime_I_t3', 'UnionSocioItems_I_t6', 'UnionSocioItems_I_t5', 'UnionSocioItems_I_t4', 'UnionSocioItems_I_t3', 'LexicalRichness_I_t6', 'LexicalRichness_I_t5', 'LexicalRichness_I_t4', 'LexicalRichness_I_t3', 'TypeTokenRatio_I_t6', 'TypeTokenRatio_I_t5', 'TypeTokenRatio_I_t4', 'TypeTokenRatio_I_t3', 'SpeechRate_I_t6', 'SpeechRate_I_t5', 'SpeechRate_I_t4', 'SpeechRate_I_t3', 'Polarity_I_t6', 'Polarity_I_t5', 'Polarity_I_t4', 'Polarity_I_t3', 'Subjectivity_I_t6', 'Subjectivity_I_t5', 'Subjectivity_I_t4', 'Subjectivity_I_t3', 'Smiles_I_t6', 'Smiles_I_t5', 'Smiles_I_t4', 'Smiles_I_t3', 'AUs_mouth_I_t6', 'AUs_mouth_I_t5', 'AUs_mouth_I_t4', 'AUs_mouth_I_t3', 'AU_eyes_I_t6', 'AU_eyes_I_t5', 'AU_eyes_I_t4', 'AU_eyes_I_t3', 'AU_all_I_t6', 'AU_all_I_t5', 'AU_all_I_t4', 'AU_all_I_t3', 'Angry_I_t6', 'Angry_I_t5', 'Angry_I_t4', 'Angry_I_t3', 'Happy_I_t6', 'Happy_I_t5', 'Happy_I_t4', 'Happy_I_t3', 'Sad_I_t6', 'Sad_I_t5', 'Sad_I_t4', 'Sad_I_t3', 'Neutral_I_t6', 'Neutral_I_t5', 'Neutral_I_t4', 'Neutral_I_t3', 'Gaze_speed_P_t6', 'Gaze_speed_P_t5', 'Gaze_speed_P_t4', 'Gaze_speed_P_t3', 'Gaze_movement_energy_P_t6', 'Gaze_movement_energy_P_t5', 'Gaze_movement_energy_P_t4', 'Gaze_movement_energy_P_t3', 'Saccades_P_t6', 'Saccades_P_t5', 'Saccades_P_t4', 'Saccades_P_t3', 'Face_looks_P_t6', 'Face_looks_P_t5', 'Face_looks_P_t4', 'Face_looks_P_t3', 'Mouth_looks_P_t6', 'Mouth_looks_P_t5', 'Mouth_looks_P_t4', 'Mouth_looks_P_t3', 'Eyes_looks_P_t6', 'Eyes_looks_P_t5', 'Eyes_looks_P_t4', 'Eyes_looks_P_t3']	0.5050999246864311	0.6	0.52	0.014222469823113513	0.015386612115975537	0.030655325449379368	0.518188869467725,0.5359200476542134,0.5409256829245366,0.4984910568168282,0.5014834160851577,0.49916497212749633,0.4951902694056396,0.4981491072645496,0.5774960553617682,0.5769239982030312	34
RightPrecuneus	None_136	6	{'strategy': 'stratified', 'random_state': 5}	['AUs_mouth_I', 'Overlap_I', 'SpeechRate_P', 'disc_IPU_I', 'Happy_I', 'Neutral_I', 'Subjectivity_I', 'Sad_I', 'IPU_I', 'Face_looks_P', 'SpeechRate_I', 'Eyes_looks_P', 'disc_IPU_P', 'Feedbacks_P', 'ReactionTime_I', 'TypeTokenRatio_P', 'Mouth_looks_P', 'LexicalRichness_I', 'Smiles_I', 'UnionSocioItems_I', 'Gaze_speed_P', 'Polarity_I', 'LexicalRichness_P', 'IPU_P', 'Subjectivity_P', 'AU_all_I', 'AU_eyes_I', 'UnionSocioItems_P', 'Saccades_P', 'TypeTokenRatio_I', 'Gaze_movement_energy_P', 'ReactionTime_P', 'Angry_I', 'Polarity_P']	['IPU_P_t6', 'IPU_P_t5', 'IPU_P_t4', 'IPU_P_t3', 'disc_IPU_P_t6', 'disc_IPU_P_t5', 'disc_IPU_P_t4', 'disc_IPU_P_t3', 'ReactionTime_P_t6', 'ReactionTime_P_t5', 'ReactionTime_P_t4', 'ReactionTime_P_t3', 'Feedbacks_P_t6', 'Feedbacks_P_t5', 'Feedbacks_P_t4', 'Feedbacks_P_t3', 'UnionSocioItems_P_t6', 'UnionSocioItems_P_t5', 'UnionSocioItems_P_t4', 'UnionSocioItems_P_t3', 'LexicalRichness_P_t6', 'LexicalRichness_P_t5', 'LexicalRichness_P_t4', 'LexicalRichness_P_t3', 'TypeTokenRatio_P_t6', 'TypeTokenRatio_P_t5', 'TypeTokenRatio_P_t4', 'TypeTokenRatio_P_t3', 'SpeechRate_P_t6', 'SpeechRate_P_t5', 'SpeechRate_P_t4', 'SpeechRate_P_t3', 'Polarity_P_t6', 'Polarity_P_t5', 'Polarity_P_t4', 'Polarity_P_t3', 'Subjectivity_P_t6', 'Subjectivity_P_t5', 'Subjectivity_P_t4', 'Subjectivity_P_t3', 'IPU_I_t6', 'IPU_I_t5', 'IPU_I_t4', 'IPU_I_t3', 'disc_IPU_I_t6', 'disc_IPU_I_t5', 'disc_IPU_I_t4', 'disc_IPU_I_t3', 'Overlap_I_t6', 'Overlap_I_t5', 'Overlap_I_t4', 'Overlap_I_t3', 'ReactionTime_I_t6', 'ReactionTime_I_t5', 'ReactionTime_I_t4', 'ReactionTime_I_t3', 'UnionSocioItems_I_t6', 'UnionSocioItems_I_t5', 'UnionSocioItems_I_t4', 'UnionSocioItems_I_t3', 'LexicalRichness_I_t6', 'LexicalRichness_I_t5', 'LexicalRichness_I_t4', 'LexicalRichness_I_t3', 'TypeTokenRatio_I_t6', 'TypeTokenRatio_I_t5', 'TypeTokenRatio_I_t4', 'TypeTokenRatio_I_t3', 'SpeechRate_I_t6', 'SpeechRate_I_t5', 'SpeechRate_I_t4', 'SpeechRate_I_t3', 'Polarity_I_t6', 'Polarity_I_t5', 'Polarity_I_t4', 'Polarity_I_t3', 'Subjectivity_I_t6', 'Subjectivity_I_t5', 'Subjectivity_I_t4', 'Subjectivity_I_t3', 'Smiles_I_t6', 'Smiles_I_t5', 'Smiles_I_t4', 'Smiles_I_t3', 'AUs_mouth_I_t6', 'AUs_mouth_I_t5', 'AUs_mouth_I_t4', 'AUs_mouth_I_t3', 'AU_eyes_I_t6', 'AU_eyes_I_t5', 'AU_eyes_I_t4', 'AU_eyes_I_t3', 'AU_all_I_t6', 'AU_all_I_t5', 'AU_all_I_t4', 'AU_all_I_t3', 'Angry_I_t6', 'Angry_I_t5', 'Angry_I_t4', 'Angry_I_t3', 'Happy_I_t6', 'Happy_I_t5', 'Happy_I_t4', 'Happy_I_t3', 'Sad_I_t6', 'Sad_I_t5', 'Sad_I_t4', 'Sad_I_t3', 'Neutral_I_t6', 'Neutral_I_t5', 'Neutral_I_t4', 'Neutral_I_t3', 'Gaze_speed_P_t6', 'Gaze_speed_P_t5', 'Gaze_speed_P_t4', 'Gaze_speed_P_t3', 'Gaze_movement_energy_P_t6', 'Gaze_movement_energy_P_t5', 'Gaze_movement_energy_P_t4', 'Gaze_movement_energy_P_t3', 'Saccades_P_t6', 'Saccades_P_t5', 'Saccades_P_t4', 'Saccades_P_t3', 'Face_looks_P_t6', 'Face_looks_P_t5', 'Face_looks_P_t4', 'Face_looks_P_t3', 'Mouth_looks_P_t6', 'Mouth_looks_P_t5', 'Mouth_looks_P_t4', 'Mouth_looks_P_t3', 'Eyes_looks_P_t6', 'Eyes_looks_P_t5', 'Eyes_looks_P_t4', 'Eyes_looks_P_t3']	0.498678099298493	0.63	0.53	0.010382863501661113	0.009195579478616838	0.0293836816843772	0.5384332430970284,0.5877026841410191,0.5138787405096376,0.4902438021245524,0.5283042002957555,0.542451730570183,0.5307162207907036,0.5411826747061177,0.5550910344895587,0.4801360064717397	34
RightSTS	None_136	6	{'strategy': 'stratified', 'random_state': 5}	['LexicalRichness_I', 'Polarity_P', 'disc_IPU_P', 'AU_eyes_I', 'Neutral_I', 'Eyes_looks_P', 'Saccades_P', 'ReactionTime_I', 'Polarity_I', 'disc_IPU_I', 'UnionSocioItems_I', 'IPU_P', 'UnionSocioItems_P', 'AU_all_I', 'Subjectivity_I', 'IPU_I', 'Angry_I', 'Sad_I', 'Subjectivity_P', 'ReactionTime_P', 'TypeTokenRatio_I', 'Overlap_I', 'Gaze_speed_P', 'Smiles_I', 'TypeTokenRatio_P', 'Face_looks_P', 'SpeechRate_P', 'AUs_mouth_I', 'Feedbacks_P', 'SpeechRate_I', 'Gaze_movement_energy_P', 'Mouth_looks_P', 'LexicalRichness_P', 'Happy_I']	['IPU_P_t6', 'IPU_P_t5', 'IPU_P_t4', 'IPU_P_t3', 'disc_IPU_P_t6', 'disc_IPU_P_t5', 'disc_IPU_P_t4', 'disc_IPU_P_t3', 'ReactionTime_P_t6', 'ReactionTime_P_t5', 'ReactionTime_P_t4', 'ReactionTime_P_t3', 'Feedbacks_P_t6', 'Feedbacks_P_t5', 'Feedbacks_P_t4', 'Feedbacks_P_t3', 'UnionSocioItems_P_t6', 'UnionSocioItems_P_t5', 'UnionSocioItems_P_t4', 'UnionSocioItems_P_t3', 'LexicalRichness_P_t6', 'LexicalRichness_P_t5', 'LexicalRichness_P_t4', 'LexicalRichness_P_t3', 'TypeTokenRatio_P_t6', 'TypeTokenRatio_P_t5', 'TypeTokenRatio_P_t4', 'TypeTokenRatio_P_t3', 'SpeechRate_P_t6', 'SpeechRate_P_t5', 'SpeechRate_P_t4', 'SpeechRate_P_t3', 'Polarity_P_t6', 'Polarity_P_t5', 'Polarity_P_t4', 'Polarity_P_t3', 'Subjectivity_P_t6', 'Subjectivity_P_t5', 'Subjectivity_P_t4', 'Subjectivity_P_t3', 'IPU_I_t6', 'IPU_I_t5', 'IPU_I_t4', 'IPU_I_t3', 'disc_IPU_I_t6', 'disc_IPU_I_t5', 'disc_IPU_I_t4', 'disc_IPU_I_t3', 'Overlap_I_t6', 'Overlap_I_t5', 'Overlap_I_t4', 'Overlap_I_t3', 'ReactionTime_I_t6', 'ReactionTime_I_t5', 'ReactionTime_I_t4', 'ReactionTime_I_t3', 'UnionSocioItems_I_t6', 'UnionSocioItems_I_t5', 'UnionSocioItems_I_t4', 'UnionSocioItems_I_t3', 'LexicalRichness_I_t6', 'LexicalRichness_I_t5', 'LexicalRichness_I_t4', 'LexicalRichness_I_t3', 'TypeTokenRatio_I_t6', 'TypeTokenRatio_I_t5', 'TypeTokenRatio_I_t4', 'TypeTokenRatio_I_t3', 'SpeechRate_I_t6', 'SpeechRate_I_t5', 'SpeechRate_I_t4', 'SpeechRate_I_t3', 'Polarity_I_t6', 'Polarity_I_t5', 'Polarity_I_t4', 'Polarity_I_t3', 'Subjectivity_I_t6', 'Subjectivity_I_t5', 'Subjectivity_I_t4', 'Subjectivity_I_t3', 'Smiles_I_t6', 'Smiles_I_t5', 'Smiles_I_t4', 'Smiles_I_t3', 'AUs_mouth_I_t6', 'AUs_mouth_I_t5', 'AUs_mouth_I_t4', 'AUs_mouth_I_t3', 'AU_eyes_I_t6', 'AU_eyes_I_t5', 'AU_eyes_I_t4', 'AU_eyes_I_t3', 'AU_all_I_t6', 'AU_all_I_t5', 'AU_all_I_t4', 'AU_all_I_t3', 'Angry_I_t6', 'Angry_I_t5', 'Angry_I_t4', 'Angry_I_t3', 'Happy_I_t6', 'Happy_I_t5', 'Happy_I_t4', 'Happy_I_t3', 'Sad_I_t6', 'Sad_I_t5', 'Sad_I_t4', 'Sad_I_t3', 'Neutral_I_t6', 'Neutral_I_t5', 'Neutral_I_t4', 'Neutral_I_t3', 'Gaze_speed_P_t6', 'Gaze_speed_P_t5', 'Gaze_speed_P_t4', 'Gaze_speed_P_t3', 'Gaze_movement_energy_P_t6', 'Gaze_movement_energy_P_t5', 'Gaze_movement_energy_P_t4', 'Gaze_movement_energy_P_t3', 'Saccades_P_t6', 'Saccades_P_t5', 'Saccades_P_t4', 'Saccades_P_t3', 'Face_looks_P_t6', 'Face_looks_P_t5', 'Face_looks_P_t4', 'Face_looks_P_t3', 'Mouth_looks_P_t6', 'Mouth_looks_P_t5', 'Mouth_looks_P_t4', 'Mouth_looks_P_t3', 'Eyes_looks_P_t6', 'Eyes_looks_P_t5', 'Eyes_looks_P_t4', 'Eyes_looks_P_t3']	0.5036394915248309	0.62	0.53	0.014620011629679875	0.012563484524640144	0.021728195002056496	0.5043305584265533,0.5144528806368982,0.5572681227913662,0.5567342542958571,0.48942509456128314,0.5427979331071048,0.5145657019090512,0.52205177181285,0.5396020877768154,0.5434870415806443	34
RightTemporoParietalJunction	None_136	6	{'strategy': 'stratified', 'random_state': 5}	['IPU_I', 'UnionSocioItems_P', 'Happy_I', 'disc_IPU_I', 'UnionSocioItems_I', 'AU_eyes_I', 'SpeechRate_P', 'Eyes_looks_P', 'Smiles_I', 'Mouth_looks_P', 'ReactionTime_P', 'Subjectivity_I', 'Subjectivity_P', 'LexicalRichness_P', 'AU_all_I', 'Gaze_speed_P', 'TypeTokenRatio_I', 'disc_IPU_P', 'Saccades_P', 'Sad_I', 'Polarity_I', 'Neutral_I', 'SpeechRate_I', 'AUs_mouth_I', 'Overlap_I', 'Gaze_movement_energy_P', 'IPU_P', 'Polarity_P', 'TypeTokenRatio_P', 'ReactionTime_I', 'Angry_I', 'Face_looks_P', 'Feedbacks_P', 'LexicalRichness_I']	['IPU_P_t6', 'IPU_P_t5', 'IPU_P_t4', 'IPU_P_t3', 'disc_IPU_P_t6', 'disc_IPU_P_t5', 'disc_IPU_P_t4', 'disc_IPU_P_t3', 'ReactionTime_P_t6', 'ReactionTime_P_t5', 'ReactionTime_P_t4', 'ReactionTime_P_t3', 'Feedbacks_P_t6', 'Feedbacks_P_t5', 'Feedbacks_P_t4', 'Feedbacks_P_t3', 'UnionSocioItems_P_t6', 'UnionSocioItems_P_t5', 'UnionSocioItems_P_t4', 'UnionSocioItems_P_t3', 'LexicalRichness_P_t6', 'LexicalRichness_P_t5', 'LexicalRichness_P_t4', 'LexicalRichness_P_t3', 'TypeTokenRatio_P_t6', 'TypeTokenRatio_P_t5', 'TypeTokenRatio_P_t4', 'TypeTokenRatio_P_t3', 'SpeechRate_P_t6', 'SpeechRate_P_t5', 'SpeechRate_P_t4', 'SpeechRate_P_t3', 'Polarity_P_t6', 'Polarity_P_t5', 'Polarity_P_t4', 'Polarity_P_t3', 'Subjectivity_P_t6', 'Subjectivity_P_t5', 'Subjectivity_P_t4', 'Subjectivity_P_t3', 'IPU_I_t6', 'IPU_I_t5', 'IPU_I_t4', 'IPU_I_t3', 'disc_IPU_I_t6', 'disc_IPU_I_t5', 'disc_IPU_I_t4', 'disc_IPU_I_t3', 'Overlap_I_t6', 'Overlap_I_t5', 'Overlap_I_t4', 'Overlap_I_t3', 'ReactionTime_I_t6', 'ReactionTime_I_t5', 'ReactionTime_I_t4', 'ReactionTime_I_t3', 'UnionSocioItems_I_t6', 'UnionSocioItems_I_t5', 'UnionSocioItems_I_t4', 'UnionSocioItems_I_t3', 'LexicalRichness_I_t6', 'LexicalRichness_I_t5', 'LexicalRichness_I_t4', 'LexicalRichness_I_t3', 'TypeTokenRatio_I_t6', 'TypeTokenRatio_I_t5', 'TypeTokenRatio_I_t4', 'TypeTokenRatio_I_t3', 'SpeechRate_I_t6', 'SpeechRate_I_t5', 'SpeechRate_I_t4', 'SpeechRate_I_t3', 'Polarity_I_t6', 'Polarity_I_t5', 'Polarity_I_t4', 'Polarity_I_t3', 'Subjectivity_I_t6', 'Subjectivity_I_t5', 'Subjectivity_I_t4', 'Subjectivity_I_t3', 'Smiles_I_t6', 'Smiles_I_t5', 'Smiles_I_t4', 'Smiles_I_t3', 'AUs_mouth_I_t6', 'AUs_mouth_I_t5', 'AUs_mouth_I_t4', 'AUs_mouth_I_t3', 'AU_eyes_I_t6', 'AU_eyes_I_t5', 'AU_eyes_I_t4', 'AU_eyes_I_t3', 'AU_all_I_t6', 'AU_all_I_t5', 'AU_all_I_t4', 'AU_all_I_t3', 'Angry_I_t6', 'Angry_I_t5', 'Angry_I_t4', 'Angry_I_t3', 'Happy_I_t6', 'Happy_I_t5', 'Happy_I_t4', 'Happy_I_t3', 'Sad_I_t6', 'Sad_I_t5', 'Sad_I_t4', 'Sad_I_t3', 'Neutral_I_t6', 'Neutral_I_t5', 'Neutral_I_t4', 'Neutral_I_t3', 'Gaze_speed_P_t6', 'Gaze_speed_P_t5', 'Gaze_speed_P_t4', 'Gaze_speed_P_t3', 'Gaze_movement_energy_P_t6', 'Gaze_movement_energy_P_t5', 'Gaze_movement_energy_P_t4', 'Gaze_movement_energy_P_t3', 'Saccades_P_t6', 'Saccades_P_t5', 'Saccades_P_t4', 'Saccades_P_t3', 'Face_looks_P_t6', 'Face_looks_P_t5', 'Face_looks_P_t4', 'Face_looks_P_t3', 'Mouth_looks_P_t6', 'Mouth_looks_P_t5', 'Mouth_looks_P_t4', 'Mouth_looks_P_t3', 'Eyes_looks_P_t6', 'Eyes_looks_P_t5', 'Eyes_looks_P_t4', 'Eyes_looks_P_t3']	0.5046115711755634	0.61	0.53	0.010477550039733372	0.011966221038622023	0.02827983163368796	0.5022591306111353,0.47804883750184957,0.5102977288334251,0.5515566458616964,0.5514996145195771,0.5542490882663664,0.4997338769039125,0.535632886579678,0.5661514070550931,0.5061578402306639	34
RightV1	None_136	6	{'strategy': 'stratified', 'random_state': 5}	['TypeTokenRatio_P', 'UnionSocioItems_P', 'SpeechRate_I', 'Subjectivity_I', 'Polarity_P', 'LexicalRichness_P', 'Happy_I', 'Face_looks_P', 'disc_IPU_P', 'IPU_P', 'TypeTokenRatio_I', 'Sad_I', 'Mouth_looks_P', 'Saccades_P', 'AUs_mouth_I', 'Gaze_movement_energy_P', 'AU_all_I', 'Gaze_speed_P', 'LexicalRichness_I', 'IPU_I', 'Eyes_looks_P', 'Polarity_I', 'SpeechRate_P', 'disc_IPU_I', 'Overlap_I', 'ReactionTime_P', 'Smiles_I', 'AU_eyes_I', 'Neutral_I', 'Angry_I', 'Subjectivity_P', 'UnionSocioItems_I', 'ReactionTime_I', 'Feedbacks_P']	['IPU_P_t6', 'IPU_P_t5', 'IPU_P_t4', 'IPU_P_t3', 'disc_IPU_P_t6', 'disc_IPU_P_t5', 'disc_IPU_P_t4', 'disc_IPU_P_t3', 'ReactionTime_P_t6', 'ReactionTime_P_t5', 'ReactionTime_P_t4', 'ReactionTime_P_t3', 'Feedbacks_P_t6', 'Feedbacks_P_t5', 'Feedbacks_P_t4', 'Feedbacks_P_t3', 'UnionSocioItems_P_t6', 'UnionSocioItems_P_t5', 'UnionSocioItems_P_t4', 'UnionSocioItems_P_t3', 'LexicalRichness_P_t6', 'LexicalRichness_P_t5', 'LexicalRichness_P_t4', 'LexicalRichness_P_t3', 'TypeTokenRatio_P_t6', 'TypeTokenRatio_P_t5', 'TypeTokenRatio_P_t4', 'TypeTokenRatio_P_t3', 'SpeechRate_P_t6', 'SpeechRate_P_t5', 'SpeechRate_P_t4', 'SpeechRate_P_t3', 'Polarity_P_t6', 'Polarity_P_t5', 'Polarity_P_t4', 'Polarity_P_t3', 'Subjectivity_P_t6', 'Subjectivity_P_t5', 'Subjectivity_P_t4', 'Subjectivity_P_t3', 'IPU_I_t6', 'IPU_I_t5', 'IPU_I_t4', 'IPU_I_t3', 'disc_IPU_I_t6', 'disc_IPU_I_t5', 'disc_IPU_I_t4', 'disc_IPU_I_t3', 'Overlap_I_t6', 'Overlap_I_t5', 'Overlap_I_t4', 'Overlap_I_t3', 'ReactionTime_I_t6', 'ReactionTime_I_t5', 'ReactionTime_I_t4', 'ReactionTime_I_t3', 'UnionSocioItems_I_t6', 'UnionSocioItems_I_t5', 'UnionSocioItems_I_t4', 'UnionSocioItems_I_t3', 'LexicalRichness_I_t6', 'LexicalRichness_I_t5', 'LexicalRichness_I_t4', 'LexicalRichness_I_t3', 'TypeTokenRatio_I_t6', 'TypeTokenRatio_I_t5', 'TypeTokenRatio_I_t4', 'TypeTokenRatio_I_t3', 'SpeechRate_I_t6', 'SpeechRate_I_t5', 'SpeechRate_I_t4', 'SpeechRate_I_t3', 'Polarity_I_t6', 'Polarity_I_t5', 'Polarity_I_t4', 'Polarity_I_t3', 'Subjectivity_I_t6', 'Subjectivity_I_t5', 'Subjectivity_I_t4', 'Subjectivity_I_t3', 'Smiles_I_t6', 'Smiles_I_t5', 'Smiles_I_t4', 'Smiles_I_t3', 'AUs_mouth_I_t6', 'AUs_mouth_I_t5', 'AUs_mouth_I_t4', 'AUs_mouth_I_t3', 'AU_eyes_I_t6', 'AU_eyes_I_t5', 'AU_eyes_I_t4', 'AU_eyes_I_t3', 'AU_all_I_t6', 'AU_all_I_t5', 'AU_all_I_t4', 'AU_all_I_t3', 'Angry_I_t6', 'Angry_I_t5', 'Angry_I_t4', 'Angry_I_t3', 'Happy_I_t6', 'Happy_I_t5', 'Happy_I_t4', 'Happy_I_t3', 'Sad_I_t6', 'Sad_I_t5', 'Sad_I_t4', 'Sad_I_t3', 'Neutral_I_t6', 'Neutral_I_t5', 'Neutral_I_t4', 'Neutral_I_t3', 'Gaze_speed_P_t6', 'Gaze_speed_P_t5', 'Gaze_speed_P_t4', 'Gaze_speed_P_t3', 'Gaze_movement_energy_P_t6', 'Gaze_movement_energy_P_t5', 'Gaze_movement_energy_P_t4', 'Gaze_movement_energy_P_t3', 'Saccades_P_t6', 'Saccades_P_t5', 'Saccades_P_t4', 'Saccades_P_t3', 'Face_looks_P_t6', 'Face_looks_P_t5', 'Face_looks_P_t4', 'Face_looks_P_t3', 'Mouth_looks_P_t6', 'Mouth_looks_P_t5', 'Mouth_looks_P_t4', 'Mouth_looks_P_t3', 'Eyes_looks_P_t6', 'Eyes_looks_P_t5', 'Eyes_looks_P_t4', 'Eyes_looks_P_t3']	0.5077632702973549	0.63	0.54	0.017537471110206218	0.01571948600483283	0.03816757329014767	0.5675402284484554,0.48155519829917637,0.5473292765382015,0.4964141761239396,0.4855018199090419,0.5883472384108285,0.5363073093926011,0.5374092598761275,0.5956869839468556,0.5282420372073477	34
RightVMPFC	None_136	6	{'strategy': 'stratified', 'random_state': 5}	['ReactionTime_I', 'Sad_I', 'Subjectivity_P', 'Face_looks_P', 'Gaze_movement_energy_P', 'LexicalRichness_P', 'Overlap_I', 'AUs_mouth_I', 'Mouth_looks_P', 'Neutral_I', 'Gaze_speed_P', 'disc_IPU_P', 'Angry_I', 'LexicalRichness_I', 'TypeTokenRatio_P', 'SpeechRate_I', 'AU_eyes_I', 'TypeTokenRatio_I', 'Subjectivity_I', 'AU_all_I', 'Polarity_I', 'ReactionTime_P', 'SpeechRate_P', 'IPU_P', 'Saccades_P', 'Happy_I', 'Eyes_looks_P', 'UnionSocioItems_P', 'Smiles_I', 'disc_IPU_I', 'UnionSocioItems_I', 'Polarity_P', 'Feedbacks_P', 'IPU_I']	['IPU_P_t6', 'IPU_P_t5', 'IPU_P_t4', 'IPU_P_t3', 'disc_IPU_P_t6', 'disc_IPU_P_t5', 'disc_IPU_P_t4', 'disc_IPU_P_t3', 'ReactionTime_P_t6', 'ReactionTime_P_t5', 'ReactionTime_P_t4', 'ReactionTime_P_t3', 'Feedbacks_P_t6', 'Feedbacks_P_t5', 'Feedbacks_P_t4', 'Feedbacks_P_t3', 'UnionSocioItems_P_t6', 'UnionSocioItems_P_t5', 'UnionSocioItems_P_t4', 'UnionSocioItems_P_t3', 'LexicalRichness_P_t6', 'LexicalRichness_P_t5', 'LexicalRichness_P_t4', 'LexicalRichness_P_t3', 'TypeTokenRatio_P_t6', 'TypeTokenRatio_P_t5', 'TypeTokenRatio_P_t4', 'TypeTokenRatio_P_t3', 'SpeechRate_P_t6', 'SpeechRate_P_t5', 'SpeechRate_P_t4', 'SpeechRate_P_t3', 'Polarity_P_t6', 'Polarity_P_t5', 'Polarity_P_t4', 'Polarity_P_t3', 'Subjectivity_P_t6', 'Subjectivity_P_t5', 'Subjectivity_P_t4', 'Subjectivity_P_t3', 'IPU_I_t6', 'IPU_I_t5', 'IPU_I_t4', 'IPU_I_t3', 'disc_IPU_I_t6', 'disc_IPU_I_t5', 'disc_IPU_I_t4', 'disc_IPU_I_t3', 'Overlap_I_t6', 'Overlap_I_t5', 'Overlap_I_t4', 'Overlap_I_t3', 'ReactionTime_I_t6', 'ReactionTime_I_t5', 'ReactionTime_I_t4', 'ReactionTime_I_t3', 'UnionSocioItems_I_t6', 'UnionSocioItems_I_t5', 'UnionSocioItems_I_t4', 'UnionSocioItems_I_t3', 'LexicalRichness_I_t6', 'LexicalRichness_I_t5', 'LexicalRichness_I_t4', 'LexicalRichness_I_t3', 'TypeTokenRatio_I_t6', 'TypeTokenRatio_I_t5', 'TypeTokenRatio_I_t4', 'TypeTokenRatio_I_t3', 'SpeechRate_I_t6', 'SpeechRate_I_t5', 'SpeechRate_I_t4', 'SpeechRate_I_t3', 'Polarity_I_t6', 'Polarity_I_t5', 'Polarity_I_t4', 'Polarity_I_t3', 'Subjectivity_I_t6', 'Subjectivity_I_t5', 'Subjectivity_I_t4', 'Subjectivity_I_t3', 'Smiles_I_t6', 'Smiles_I_t5', 'Smiles_I_t4', 'Smiles_I_t3', 'AUs_mouth_I_t6', 'AUs_mouth_I_t5', 'AUs_mouth_I_t4', 'AUs_mouth_I_t3', 'AU_eyes_I_t6', 'AU_eyes_I_t5', 'AU_eyes_I_t4', 'AU_eyes_I_t3', 'AU_all_I_t6', 'AU_all_I_t5', 'AU_all_I_t4', 'AU_all_I_t3', 'Angry_I_t6', 'Angry_I_t5', 'Angry_I_t4', 'Angry_I_t3', 'Happy_I_t6', 'Happy_I_t5', 'Happy_I_t4', 'Happy_I_t3', 'Sad_I_t6', 'Sad_I_t5', 'Sad_I_t4', 'Sad_I_t3', 'Neutral_I_t6', 'Neutral_I_t5', 'Neutral_I_t4', 'Neutral_I_t3', 'Gaze_speed_P_t6', 'Gaze_speed_P_t5', 'Gaze_speed_P_t4', 'Gaze_speed_P_t3', 'Gaze_movement_energy_P_t6', 'Gaze_movement_energy_P_t5', 'Gaze_movement_energy_P_t4', 'Gaze_movement_energy_P_t3', 'Saccades_P_t6', 'Saccades_P_t5', 'Saccades_P_t4', 'Saccades_P_t3', 'Face_looks_P_t6', 'Face_looks_P_t5', 'Face_looks_P_t4', 'Face_looks_P_t3', 'Mouth_looks_P_t6', 'Mouth_looks_P_t5', 'Mouth_looks_P_t4', 'Mouth_looks_P_t3', 'Eyes_looks_P_t6', 'Eyes_looks_P_t5', 'Eyes_looks_P_t4', 'Eyes_looks_P_t3']	0.5099070148986833	0.64	0.54	0.012464091239601391	0.010710993779576372	0.03762871549997907	0.5853044858551947,0.5025988784952652,0.5231081288103402,0.4846657006578839,0.6017088714978825,0.5471464921846602,0.5811097404216328,0.5578833206804207,0.5373124259650562,0.5008638884809551	34
WhiteMatter	None_12	6	{'strategy': 'stratified', 'random_state': 5}	['disc_IPU_I', 'IPU_P', 'disc_IPU_P']	['disc_IPU_P_t6', 'disc_IPU_P_t5', 'disc_IPU_P_t4', 'disc_IPU_P_t3', 'disc_IPU_I_t6', 'disc_IPU_I_t5', 'disc_IPU_I_t4', 'disc_IPU_I_t3', 'IPU_P_t6', 'IPU_P_t5', 'IPU_P_t4', 'IPU_P_t3']	0.4971645407390307	0.62	0.53	0.01857507400903137	0.011126499954164721	0.045135876068296256	0.5118842522376684,0.4472355769230769,0.5261535500192489,0.5477806558108872,0.5246187807881774,0.5100987000676128,0.5655056596816389,0.5682063369451427,0.5959163749246809,0.45518095140961845	3
rMPFC	None_136	6	{'strategy': 'stratified', 'random_state': 5}	['disc_IPU_I', 'Overlap_I', 'IPU_I', 'ReactionTime_I', 'Face_looks_P', 'UnionSocioItems_P', 'Angry_I', 'AU_all_I', 'TypeTokenRatio_I', 'AU_eyes_I', 'Neutral_I', 'SpeechRate_P', 'Mouth_looks_P', 'Eyes_looks_P', 'LexicalRichness_I', 'Polarity_I', 'Saccades_P', 'LexicalRichness_P', 'Gaze_speed_P', 'Sad_I', 'UnionSocioItems_I', 'AUs_mouth_I', 'Polarity_P', 'Subjectivity_I', 'ReactionTime_P', 'Smiles_I', 'Gaze_movement_energy_P', 'Feedbacks_P', 'Subjectivity_P', 'SpeechRate_I', 'TypeTokenRatio_P', 'Happy_I', 'IPU_P', 'disc_IPU_P']	['IPU_P_t6', 'IPU_P_t5', 'IPU_P_t4', 'IPU_P_t3', 'disc_IPU_P_t6', 'disc_IPU_P_t5', 'disc_IPU_P_t4', 'disc_IPU_P_t3', 'ReactionTime_P_t6', 'ReactionTime_P_t5', 'ReactionTime_P_t4', 'ReactionTime_P_t3', 'Feedbacks_P_t6', 'Feedbacks_P_t5', 'Feedbacks_P_t4', 'Feedbacks_P_t3', 'UnionSocioItems_P_t6', 'UnionSocioItems_P_t5', 'UnionSocioItems_P_t4', 'UnionSocioItems_P_t3', 'LexicalRichness_P_t6', 'LexicalRichness_P_t5', 'LexicalRichness_P_t4', 'LexicalRichness_P_t3', 'TypeTokenRatio_P_t6', 'TypeTokenRatio_P_t5', 'TypeTokenRatio_P_t4', 'TypeTokenRatio_P_t3', 'SpeechRate_P_t6', 'SpeechRate_P_t5', 'SpeechRate_P_t4', 'SpeechRate_P_t3', 'Polarity_P_t6', 'Polarity_P_t5', 'Polarity_P_t4', 'Polarity_P_t3', 'Subjectivity_P_t6', 'Subjectivity_P_t5', 'Subjectivity_P_t4', 'Subjectivity_P_t3', 'IPU_I_t6', 'IPU_I_t5', 'IPU_I_t4', 'IPU_I_t3', 'disc_IPU_I_t6', 'disc_IPU_I_t5', 'disc_IPU_I_t4', 'disc_IPU_I_t3', 'Overlap_I_t6', 'Overlap_I_t5', 'Overlap_I_t4', 'Overlap_I_t3', 'ReactionTime_I_t6', 'ReactionTime_I_t5', 'ReactionTime_I_t4', 'ReactionTime_I_t3', 'UnionSocioItems_I_t6', 'UnionSocioItems_I_t5', 'UnionSocioItems_I_t4', 'UnionSocioItems_I_t3', 'LexicalRichness_I_t6', 'LexicalRichness_I_t5', 'LexicalRichness_I_t4', 'LexicalRichness_I_t3', 'TypeTokenRatio_I_t6', 'TypeTokenRatio_I_t5', 'TypeTokenRatio_I_t4', 'TypeTokenRatio_I_t3', 'SpeechRate_I_t6', 'SpeechRate_I_t5', 'SpeechRate_I_t4', 'SpeechRate_I_t3', 'Polarity_I_t6', 'Polarity_I_t5', 'Polarity_I_t4', 'Polarity_I_t3', 'Subjectivity_I_t6', 'Subjectivity_I_t5', 'Subjectivity_I_t4', 'Subjectivity_I_t3', 'Smiles_I_t6', 'Smiles_I_t5', 'Smiles_I_t4', 'Smiles_I_t3', 'AUs_mouth_I_t6', 'AUs_mouth_I_t5', 'AUs_mouth_I_t4', 'AUs_mouth_I_t3', 'AU_eyes_I_t6', 'AU_eyes_I_t5', 'AU_eyes_I_t4', 'AU_eyes_I_t3', 'AU_all_I_t6', 'AU_all_I_t5', 'AU_all_I_t4', 'AU_all_I_t3', 'Angry_I_t6', 'Angry_I_t5', 'Angry_I_t4', 'Angry_I_t3', 'Happy_I_t6', 'Happy_I_t5', 'Happy_I_t4', 'Happy_I_t3', 'Sad_I_t6', 'Sad_I_t5', 'Sad_I_t4', 'Sad_I_t3', 'Neutral_I_t6', 'Neutral_I_t5', 'Neutral_I_t4', 'Neutral_I_t3', 'Gaze_speed_P_t6', 'Gaze_speed_P_t5', 'Gaze_speed_P_t4', 'Gaze_speed_P_t3', 'Gaze_movement_energy_P_t6', 'Gaze_movement_energy_P_t5', 'Gaze_movement_energy_P_t4', 'Gaze_movement_energy_P_t3', 'Saccades_P_t6', 'Saccades_P_t5', 'Saccades_P_t4', 'Saccades_P_t3', 'Face_looks_P_t6', 'Face_looks_P_t5', 'Face_looks_P_t4', 'Face_looks_P_t3', 'Mouth_looks_P_t6', 'Mouth_looks_P_t5', 'Mouth_looks_P_t4', 'Mouth_looks_P_t3', 'Eyes_looks_P_t6', 'Eyes_looks_P_t5', 'Eyes_looks_P_t4', 'Eyes_looks_P_t3']	0.5126519025701192	0.61	0.53	0.014653692259955109	0.019986503556748362	0.028825243565494887	0.489989578958116,0.5041685848639772,0.5253005765957421,0.5691126197801359,0.5427258658274002,0.5300550433638151,0.5142253185087016,0.5197375973670846,0.590869088356585,0.5136348406776549	34
