region;dm_method;models_params;predictors_dict;predictors_list;selected_predictors;recall. mean;precision. mean;fscore. mean;recall. std;precision. std;fscore. std
Fusiform Gyrus;None;{'max_depth': 5, 'learning_rate': 0.1, 'n_estimators': 10};{'eyetracking_ts': ['Face']};['Face_t5', 'Face_t4', 'Face_t3'];['Face_t5', 'Face_t4', 'Face_t3'];0.5960648148148148;0.35529326346021944;0.4452115730669029;0.0;0.0;0.0
Left Motor Cortex;None;{'learning_rate': 0.2, 'n_estimators': 100, 'max_depth': 5};{'speech_ts': ['Signal']};['Signal_t5', 'Signal_t4', 'Signal_t3'];['Signal_t5', 'Signal_t4', 'Signal_t3'];0.6006944444444444;0.5866242700927038;0.5914691143875879;0.0;0.0;0.0
Fusiform Gyrus;None;{'max_depth': 50, 'learning_rate': 0.4, 'n_estimators': 10};{'facial_features_ts': [' pose_Rx', ' pose_Ry', ' pose_Rz']};[' pose_Rx_t5', ' pose_Rx_t4', ' pose_Rx_t3', ' pose_Ry_t5', ' pose_Ry_t4', ' pose_Ry_t3', ' pose_Rz_t5', ' pose_Rz_t4', ' pose_Rz_t3'];[' pose_Rx_t5', ' pose_Rx_t4', ' pose_Rx_t3', ' pose_Ry_t5', ' pose_Ry_t4', ' pose_Ry_t3', ' pose_Rz_t5', ' pose_Rz_t4', ' pose_Rz_t3'];0.5567129629629629;0.5258116009740628;0.5284944539206591;0.0;0.0;0.0
Left Motor Cortex;None;{'learning_rate': 0.2, 'n_estimators': 100, 'max_depth': 5};{'speech_left_ts': ['SpeechActivity_left']};['SpeechActivity_left_t5', 'SpeechActivity_left_t4', 'SpeechActivity_left_t3'];['SpeechActivity_left_t5', 'SpeechActivity_left_t4', 'SpeechActivity_left_t3'];0.5879629629629629;0.5644040385251322;0.5667192557873563;0.0;0.0;0.0
Left Motor Cortex;None;{'learning_rate': 0.2, 'n_estimators': 10, 'max_depth': 5};{'speech_left_ts': ['Signal_left']};['Signal_left_t5', 'Signal_left_t4', 'Signal_left_t3'];['Signal_left_t5', 'Signal_left_t4', 'Signal_left_t3'];0.6516203703703703;0.64081492003367;0.6433346606246869;0.0;0.0;0.0
Fusiform Gyrus;None;{'max_depth': 50, 'learning_rate': 0.3, 'n_estimators': 100};{'facial_features_ts': [' AU01_r', ' AU02_r', ' AU04_r', ' AU05_r', ' AU06_r', ' AU07_r', ' AU10_r', ' AU12_r', ' AU14_r', ' AU15_r', ' AU17_r', ' AU20_r', ' AU23_r', ' AU25_r', ' AU26_r']};[' AU01_r_t5', ' AU01_r_t4', ' AU01_r_t3', ' AU02_r_t5', ' AU02_r_t4', ' AU02_r_t3', ' AU04_r_t5', ' AU04_r_t4', ' AU04_r_t3', ' AU05_r_t5', ' AU05_r_t4', ' AU05_r_t3', ' AU06_r_t5', ' AU06_r_t4', ' AU06_r_t3', ' AU07_r_t5', ' AU07_r_t4', ' AU07_r_t3', ' AU10_r_t5', ' AU10_r_t4', ' AU10_r_t3', ' AU12_r_t5', ' AU12_r_t4', ' AU12_r_t3', ' AU14_r_t5', ' AU14_r_t4', ' AU14_r_t3', ' AU15_r_t5', ' AU15_r_t4', ' AU15_r_t3', ' AU17_r_t5', ' AU17_r_t4', ' AU17_r_t3', ' AU20_r_t5', ' AU20_r_t4', ' AU20_r_t3', ' AU23_r_t5', ' AU23_r_t4', ' AU23_r_t3', ' AU25_r_t5', ' AU25_r_t4', ' AU25_r_t3', ' AU26_r_t5', ' AU26_r_t4', ' AU26_r_t3'];[' AU01_r_t5', ' AU01_r_t4', ' AU01_r_t3', ' AU02_r_t5', ' AU02_r_t4', ' AU02_r_t3', ' AU04_r_t5', ' AU04_r_t4', ' AU04_r_t3', ' AU05_r_t5', ' AU05_r_t4', ' AU05_r_t3', ' AU06_r_t5', ' AU06_r_t4', ' AU06_r_t3', ' AU07_r_t5', ' AU07_r_t4', ' AU07_r_t3', ' AU10_r_t5', ' AU10_r_t4', ' AU10_r_t3', ' AU12_r_t5', ' AU12_r_t4', ' AU12_r_t3', ' AU14_r_t5', ' AU14_r_t4', ' AU14_r_t3', ' AU15_r_t5', ' AU15_r_t4', ' AU15_r_t3', ' AU17_r_t5', ' AU17_r_t4', ' AU17_r_t3', ' AU20_r_t5', ' AU20_r_t4', ' AU20_r_t3', ' AU23_r_t5', ' AU23_r_t4', ' AU23_r_t3', ' AU25_r_t5', ' AU25_r_t4', ' AU25_r_t3', ' AU26_r_t5', ' AU26_r_t4', ' AU26_r_t3'];0.5844907407407407;0.5507715245021049;0.5531920111757268;0.0;0.0;0.0
Left Motor Cortex;None;{'learning_rate': 0.3, 'n_estimators': 10, 'max_depth': 5};{'speech_left_ts': ['IPU_left']};['IPU_left_t5', 'IPU_left_t4', 'IPU_left_t3'];['IPU_left_t5', 'IPU_left_t4', 'IPU_left_t3'];0.6527777777777778;0.6444057678782046;0.6463721390587298;0.0;0.0;0.0
Left Motor Cortex;None;{'learning_rate': 0.3, 'n_estimators': 50, 'max_depth': 5};{'speech_ts': ['IPU']};['IPU_t5', 'IPU_t4', 'IPU_t3'];['IPU_t5', 'IPU_t4', 'IPU_t3'];0.5752314814814815;0.496637380751964;0.48041501962427013;0.0;0.0;0.0
Left Motor Cortex;None;{'learning_rate': 0.1, 'n_estimators': 10, 'max_depth': 5};{'speech_ts': ['talk']};['talk_t5', 'talk_t4', 'talk_t3'];['talk_t5', 'talk_t4', 'talk_t3'];0.5879629629629629;0.34570044581618653;0.43540114458481805;0.0;0.0;0.0
Left Motor Cortex;None;{'learning_rate': 0.1, 'n_estimators': 50, 'max_depth': 5};{'speech_left_ts': ['talk_left']};['talk_left_t5', 'talk_left_t4', 'talk_left_t3'];['talk_left_t5', 'talk_left_t4', 'talk_left_t3'];0.6273148148148148;0.6111020526078697;0.6148433536276002;0.0;0.0;0.0
Left Motor Cortex;None;{'learning_rate': 0.1, 'n_estimators': 50, 'max_depth': 5};{'speech_ts': ['IPU'], 'speech_left_ts': ['IPU_left']};['IPU_t5', 'IPU_t4', 'IPU_t3', 'IPU_left_t5', 'IPU_left_t4', 'IPU_left_t3'];['IPU_t5', 'IPU_t4', 'IPU_t3', 'IPU_left_t5', 'IPU_left_t4', 'IPU_left_t3'];0.6307870370370371;0.6222466274371241;0.6216505382885389;0.0;0.0;0.0
Left Motor Cortex;None;{'learning_rate': 0.1, 'n_estimators': 100, 'max_depth': 5};{'speech_left_ts': ['SpeechActivity_left', 'talk_left']};['SpeechActivity_left_t5', 'SpeechActivity_left_t4', 'SpeechActivity_left_t3', 'talk_left_t5', 'talk_left_t4', 'talk_left_t3'];['SpeechActivity_left_t5', 'SpeechActivity_left_t4', 'SpeechActivity_left_t3', 'talk_left_t5', 'talk_left_t4', 'talk_left_t3'];0.6064814814814815;0.594856715152395;0.5821896904551048;0.0;0.0;0.0
Fusiform Gyrus;None;{'max_depth': 50, 'learning_rate': 0.1, 'n_estimators': 50};{'eyetracking_ts': ['Vx', 'Vy', 'saccades', 'Face', 'Mouth', 'Eyes'], 'facial_features_ts': [' AU01_r', ' AU02_r', ' AU04_r', ' AU05_r', ' AU06_r', ' AU07_r', ' AU10_r', ' AU12_r', ' AU14_r', ' AU15_r', ' AU17_r', ' AU20_r', ' AU23_r', ' AU25_r', ' AU26_r', ' pose_Rx', ' pose_Ry', ' pose_Rz']};[' AU01_r_t5', ' AU01_r_t4', ' AU01_r_t3', ' AU02_r_t5', ' AU02_r_t4', ' AU02_r_t3', ' AU04_r_t5', ' AU04_r_t4', ' AU04_r_t3', ' AU05_r_t5', ' AU05_r_t4', ' AU05_r_t3', ' AU06_r_t5', ' AU06_r_t4', ' AU06_r_t3', ' AU07_r_t5', ' AU07_r_t4', ' AU07_r_t3', ' AU10_r_t5', ' AU10_r_t4', ' AU10_r_t3', ' AU12_r_t5', ' AU12_r_t4', ' AU12_r_t3', ' AU14_r_t5', ' AU14_r_t4', ' AU14_r_t3', ' AU15_r_t5', ' AU15_r_t4', ' AU15_r_t3', ' AU17_r_t5', ' AU17_r_t4', ' AU17_r_t3', ' AU20_r_t5', ' AU20_r_t4', ' AU20_r_t3', ' AU23_r_t5', ' AU23_r_t4', ' AU23_r_t3', ' AU25_r_t5', ' AU25_r_t4', ' AU25_r_t3', ' AU26_r_t5', ' AU26_r_t4', ' AU26_r_t3', ' pose_Rx_t5', ' pose_Rx_t4', ' pose_Rx_t3', ' pose_Ry_t5', ' pose_Ry_t4', ' pose_Ry_t3', ' pose_Rz_t5', ' pose_Rz_t4', ' pose_Rz_t3', 'Vx_t5', 'Vx_t4', 'Vx_t3', 'Vy_t5', 'Vy_t4', 'Vy_t3', 'saccades_t5', 'saccades_t4', 'saccades_t3', 'Face_t5', 'Face_t4', 'Face_t3', 'Mouth_t5', 'Mouth_t4', 'Mouth_t3', 'Eyes_t5', 'Eyes_t4', 'Eyes_t3'];[' AU01_r_t5', ' AU01_r_t4', ' AU01_r_t3', ' AU02_r_t5', ' AU02_r_t4', ' AU02_r_t3', ' AU04_r_t5', ' AU04_r_t4', ' AU04_r_t3', ' AU05_r_t5', ' AU05_r_t4', ' AU05_r_t3', ' AU06_r_t5', ' AU06_r_t4', ' AU06_r_t3', ' AU07_r_t5', ' AU07_r_t4', ' AU07_r_t3', ' AU10_r_t5', ' AU10_r_t4', ' AU10_r_t3', ' AU12_r_t5', ' AU12_r_t4', ' AU12_r_t3', ' AU14_r_t5', ' AU14_r_t4', ' AU14_r_t3', ' AU15_r_t5', ' AU15_r_t4', ' AU15_r_t3', ' AU17_r_t5', ' AU17_r_t4', ' AU17_r_t3', ' AU20_r_t5', ' AU20_r_t4', ' AU20_r_t3', ' AU23_r_t5', ' AU23_r_t4', ' AU23_r_t3', ' AU25_r_t5', ' AU25_r_t4', ' AU25_r_t3', ' AU26_r_t5', ' AU26_r_t4', ' AU26_r_t3', ' pose_Rx_t5', ' pose_Rx_t4', ' pose_Rx_t3', ' pose_Ry_t5', ' pose_Ry_t4', ' pose_Ry_t3', ' pose_Rz_t5', ' pose_Rz_t4', ' pose_Rz_t3', 'Vx_t5', 'Vx_t4', 'Vx_t3', 'Vy_t5', 'Vy_t4', 'Vy_t3', 'saccades_t5', 'saccades_t4', 'saccades_t3', 'Face_t5', 'Face_t4', 'Face_t3', 'Mouth_t5', 'Mouth_t4', 'Mouth_t3', 'Eyes_t5', 'Eyes_t4', 'Eyes_t3'];0.5555555555555556;0.5654761904761905;0.559588626739262;0.0;0.0;0.0
Left Motor Cortex;None;{'learning_rate': 0.2, 'n_estimators': 10, 'max_depth': 5};{'speech_left_ts': ['IPU_left', 'talk_left']};['IPU_left_t5', 'IPU_left_t4', 'IPU_left_t3', 'talk_left_t5', 'talk_left_t4', 'talk_left_t3'];['IPU_left_t5', 'IPU_left_t4', 'IPU_left_t3', 'talk_left_t5', 'talk_left_t4', 'talk_left_t3'];0.6550925925925926;0.642018612068537;0.6433164921842679;0.0;0.0;0.0
Fusiform Gyrus;None;{'max_depth': 10, 'learning_rate': 0.4, 'n_estimators': 10};{'eyetracking_ts': ['Vx', 'Vy', 'saccades', 'Face', 'Mouth', 'Eyes']};['Vx_t5', 'Vx_t4', 'Vx_t3', 'Vy_t5', 'Vy_t4', 'Vy_t3', 'saccades_t5', 'saccades_t4', 'saccades_t3', 'Face_t5', 'Face_t4', 'Face_t3', 'Mouth_t5', 'Mouth_t4', 'Mouth_t3', 'Eyes_t5', 'Eyes_t4', 'Eyes_t3'];['Vx_t5', 'Vx_t4', 'Vx_t3', 'Vy_t5', 'Vy_t4', 'Vy_t3', 'saccades_t5', 'saccades_t4', 'saccades_t3', 'Face_t5', 'Face_t4', 'Face_t3', 'Mouth_t5', 'Mouth_t4', 'Mouth_t3', 'Eyes_t5', 'Eyes_t4', 'Eyes_t3'];0.5625;0.5428046218487395;0.5467171717171718;0.0;0.0;0.0
Fusiform Gyrus;None;{'max_depth': 5, 'learning_rate': 0.1, 'n_estimators': 10};{'eyetracking_ts': ['Face']};['Face_t5', 'Face_t4', 'Face_t3'];['Face_t5', 'Face_t4', 'Face_t3'];0.6388888888888888;0.408179012345679;0.4981167608286252;0.0;0.0;0.0
Left Motor Cortex;None;{'learning_rate': 0.2, 'n_estimators': 10, 'max_depth': 5};{'speech_left_ts': ['IPU_left', 'Overlap_left']};['IPU_left_t5', 'IPU_left_t4', 'IPU_left_t3', 'Overlap_left_t5', 'Overlap_left_t4', 'Overlap_left_t3'];['IPU_left_t5', 'IPU_left_t4', 'IPU_left_t3', 'Overlap_left_t5', 'Overlap_left_t4', 'Overlap_left_t3'];0.6620370370370371;0.6556112503480924;0.6572353774539565;0.0;0.0;0.0
Left Motor Cortex;None;{'learning_rate': 0.1, 'n_estimators': 100, 'max_depth': 5};{'speech_left_ts': ['IPU_left', 'Overlap_left', 'ReactionTime_left']};['IPU_left_t5', 'IPU_left_t4', 'IPU_left_t3', 'Overlap_left_t5', 'Overlap_left_t4', 'Overlap_left_t3', 'ReactionTime_left_t5', 'ReactionTime_left_t4', 'ReactionTime_left_t3'];['IPU_left_t5', 'IPU_left_t4', 'IPU_left_t3', 'Overlap_left_t5', 'Overlap_left_t4', 'Overlap_left_t3', 'ReactionTime_left_t5', 'ReactionTime_left_t4', 'ReactionTime_left_t3'];0.6423611111111112;0.633018406706688;0.6284636078864935;0.0;0.0;0.0
Fusiform Gyrus;None;{'max_depth': 10, 'learning_rate': 0.4, 'n_estimators': 100};{'eyetracking_ts': ['Vx', 'Vy', 'saccades', 'Face', 'Mouth', 'Eyes'], 'facial_features_ts': [' pose_Rx', ' pose_Ry', ' pose_Rz', ' pose_Tx', ' pose_Ty', ' pose_Tz']};[' pose_Rx_t5', ' pose_Rx_t4', ' pose_Rx_t3', ' pose_Ry_t5', ' pose_Ry_t4', ' pose_Ry_t3', ' pose_Rz_t5', ' pose_Rz_t4', ' pose_Rz_t3', ' pose_Tx_t5', ' pose_Tx_t4', ' pose_Tx_t3', ' pose_Ty_t5', ' pose_Ty_t4', ' pose_Ty_t3', ' pose_Tz_t5', ' pose_Tz_t4', ' pose_Tz_t3', 'Vx_t5', 'Vx_t4', 'Vx_t3', 'Vy_t5', 'Vy_t4', 'Vy_t3', 'saccades_t5', 'saccades_t4', 'saccades_t3', 'Face_t5', 'Face_t4', 'Face_t3', 'Mouth_t5', 'Mouth_t4', 'Mouth_t3', 'Eyes_t5', 'Eyes_t4', 'Eyes_t3'];[' pose_Rx_t5', ' pose_Rx_t4', ' pose_Rx_t3', ' pose_Ry_t5', ' pose_Ry_t4', ' pose_Ry_t3', ' pose_Rz_t5', ' pose_Rz_t4', ' pose_Rz_t3', ' pose_Tx_t5', ' pose_Tx_t4', ' pose_Tx_t3', ' pose_Ty_t5', ' pose_Ty_t4', ' pose_Ty_t3', ' pose_Tz_t5', ' pose_Tz_t4', ' pose_Tz_t3', 'Vx_t5', 'Vx_t4', 'Vx_t3', 'Vy_t5', 'Vy_t4', 'Vy_t3', 'saccades_t5', 'saccades_t4', 'saccades_t3', 'Face_t5', 'Face_t4', 'Face_t3', 'Mouth_t5', 'Mouth_t4', 'Mouth_t3', 'Eyes_t5', 'Eyes_t4', 'Eyes_t3'];0.5833333333333334;0.5563993117596453;0.5562326844052732;0.0;0.0;0.0
Right Motor Cortex;None;{'learning_rate': 0.2, 'n_estimators': 10, 'max_depth': 5};{'speech_ts': ['Signal']};['Signal_t5', 'Signal_t4', 'Signal_t3'];['Signal_t5', 'Signal_t4', 'Signal_t3'];0.6307870370370371;0.6345777958310768;0.6322393963022406;0.0;0.0;0.0
Fusiform Gyrus;None;{'max_depth': 10, 'learning_rate': 0.3, 'n_estimators': 50};{'eyetracking_ts': ['Face'], 'facial_features_ts': [' pose_Rx', ' pose_Ry', ' pose_Rz', ' pose_Tx', ' pose_Ty', ' pose_Tz']};[' pose_Rx_t5', ' pose_Rx_t4', ' pose_Rx_t3', ' pose_Ry_t5', ' pose_Ry_t4', ' pose_Ry_t3', ' pose_Rz_t5', ' pose_Rz_t4', ' pose_Rz_t3', ' pose_Tx_t5', ' pose_Tx_t4', ' pose_Tx_t3', ' pose_Ty_t5', ' pose_Ty_t4', ' pose_Ty_t3', ' pose_Tz_t5', ' pose_Tz_t4', ' pose_Tz_t3', 'Face_t5', 'Face_t4', 'Face_t3'];[' pose_Rx_t5', ' pose_Rx_t4', ' pose_Rx_t3', ' pose_Ry_t5', ' pose_Ry_t4', ' pose_Ry_t3', ' pose_Rz_t5', ' pose_Rz_t4', ' pose_Rz_t3', ' pose_Tx_t5', ' pose_Tx_t4', ' pose_Tx_t3', ' pose_Ty_t5', ' pose_Ty_t4', ' pose_Ty_t3', ' pose_Tz_t5', ' pose_Tz_t4', ' pose_Tz_t3', 'Face_t5', 'Face_t4', 'Face_t3'];0.5891203703703703;0.5461223929238853;0.5440833959255472;0.0;0.0;0.0
Right Motor Cortex;None;{'learning_rate': 0.2, 'n_estimators': 100, 'max_depth': 5};{'speech_left_ts': ['SpeechActivity_left']};['SpeechActivity_left_t5', 'SpeechActivity_left_t4', 'SpeechActivity_left_t3'];['SpeechActivity_left_t5', 'SpeechActivity_left_t4', 'SpeechActivity_left_t3'];0.5243055555555556;0.5181125288598764;0.5107563126652598;0.0;0.0;0.0
Right Motor Cortex;None;{'learning_rate': 0.2, 'n_estimators': 10, 'max_depth': 5};{'speech_left_ts': ['Signal_left']};['Signal_left_t5', 'Signal_left_t4', 'Signal_left_t3'];['Signal_left_t5', 'Signal_left_t4', 'Signal_left_t3'];0.6134259259259259;0.6131120752930228;0.6132657424135554;0.0;0.0;0.0
Fusiform Gyrus;None;{'max_depth': 5, 'learning_rate': 0.3, 'n_estimators': 100};{'facial_features_ts': [' pose_Rx', ' pose_Ry', ' pose_Rz', ' pose_Tx', ' pose_Ty', ' pose_Tz']};[' pose_Rx_t5', ' pose_Rx_t4', ' pose_Rx_t3', ' pose_Ry_t5', ' pose_Ry_t4', ' pose_Ry_t3', ' pose_Rz_t5', ' pose_Rz_t4', ' pose_Rz_t3', ' pose_Tx_t5', ' pose_Tx_t4', ' pose_Tx_t3', ' pose_Ty_t5', ' pose_Ty_t4', ' pose_Ty_t3', ' pose_Tz_t5', ' pose_Tz_t4', ' pose_Tz_t3'];[' pose_Rx_t5', ' pose_Rx_t4', ' pose_Rx_t3', ' pose_Ry_t5', ' pose_Ry_t4', ' pose_Ry_t3', ' pose_Rz_t5', ' pose_Rz_t4', ' pose_Rz_t3', ' pose_Tx_t5', ' pose_Tx_t4', ' pose_Tx_t3', ' pose_Ty_t5', ' pose_Ty_t4', ' pose_Ty_t3', ' pose_Tz_t5', ' pose_Tz_t4', ' pose_Tz_t3'];0.5752314814814815;0.5314168708854443;0.528383495036372;0.0;0.0;0.0
Right Motor Cortex;None;{'learning_rate': 0.2, 'n_estimators': 10, 'max_depth': 5};{'speech_left_ts': ['IPU_left']};['IPU_left_t5', 'IPU_left_t4', 'IPU_left_t3'];['IPU_left_t5', 'IPU_left_t4', 'IPU_left_t3'];0.6689814814814815;0.6679155749347503;0.6683190933425346;0.0;0.0;0.0
Right Motor Cortex;None;{'learning_rate': 0.1, 'n_estimators': 10, 'max_depth': 5};{'speech_ts': ['IPU']};['IPU_t5', 'IPU_t4', 'IPU_t3'];['IPU_t5', 'IPU_t4', 'IPU_t3'];0.5972222222222222;0.5978217130656155;0.5975092912911925;0.0;0.0;0.0
Right Motor Cortex;None;{'learning_rate': 0.1, 'n_estimators': 50, 'max_depth': 5};{'speech_ts': ['talk']};['talk_t5', 'talk_t4', 'talk_t3'];['talk_t5', 'talk_t4', 'talk_t3'];0.6076388888888888;0.6388558786461521;0.6085478635891357;0.0;0.0;0.0
Right Motor Cortex;None;{'learning_rate': 0.1, 'n_estimators': 50, 'max_depth': 5};{'speech_left_ts': ['talk_left']};['talk_left_t5', 'talk_left_t4', 'talk_left_t3'];['talk_left_t5', 'talk_left_t4', 'talk_left_t3'];0.6076388888888888;0.6075040541725104;0.607570663104987;0.0;0.0;0.0
Right Motor Cortex;None;{'learning_rate': 0.1, 'n_estimators': 10, 'max_depth': 5};{'speech_ts': ['IPU'], 'speech_left_ts': ['IPU_left']};['IPU_t5', 'IPU_t4', 'IPU_t3', 'IPU_left_t5', 'IPU_left_t4', 'IPU_left_t3'];['IPU_t5', 'IPU_t4', 'IPU_t3', 'IPU_left_t5', 'IPU_left_t4', 'IPU_left_t3'];0.6099537037037037;0.6061546848650707;0.6060779224133478;0.0;0.0;0.0
Fusiform Gyrus;None;{'max_depth': 100, 'learning_rate': 0.3, 'n_estimators': 100};{'facial_features_ts': [' AU01_r', ' AU02_r', ' AU04_r', ' AU05_r', ' AU06_r', ' AU07_r', ' AU10_r', ' AU12_r', ' AU14_r', ' AU15_r', ' AU17_r', ' AU20_r', ' AU23_r', ' AU25_r', ' AU26_r', ' pose_Rx', ' pose_Ry', ' pose_Rz', ' pose_Tx', ' pose_Ty', ' pose_Tz']};[' AU01_r_t5', ' AU01_r_t4', ' AU01_r_t3', ' AU02_r_t5', ' AU02_r_t4', ' AU02_r_t3', ' AU04_r_t5', ' AU04_r_t4', ' AU04_r_t3', ' AU05_r_t5', ' AU05_r_t4', ' AU05_r_t3', ' AU06_r_t5', ' AU06_r_t4', ' AU06_r_t3', ' AU07_r_t5', ' AU07_r_t4', ' AU07_r_t3', ' AU10_r_t5', ' AU10_r_t4', ' AU10_r_t3', ' AU12_r_t5', ' AU12_r_t4', ' AU12_r_t3', ' AU14_r_t5', ' AU14_r_t4', ' AU14_r_t3', ' AU15_r_t5', ' AU15_r_t4', ' AU15_r_t3', ' AU17_r_t5', ' AU17_r_t4', ' AU17_r_t3', ' AU20_r_t5', ' AU20_r_t4', ' AU20_r_t3', ' AU23_r_t5', ' AU23_r_t4', ' AU23_r_t3', ' AU25_r_t5', ' AU25_r_t4', ' AU25_r_t3', ' AU26_r_t5', ' AU26_r_t4', ' AU26_r_t3', ' pose_Rx_t5', ' pose_Rx_t4', ' pose_Rx_t3', ' pose_Ry_t5', ' pose_Ry_t4', ' pose_Ry_t3', ' pose_Rz_t5', ' pose_Rz_t4', ' pose_Rz_t3', ' pose_Tx_t5', ' pose_Tx_t4', ' pose_Tx_t3', ' pose_Ty_t5', ' pose_Ty_t4', ' pose_Ty_t3', ' pose_Tz_t5', ' pose_Tz_t4', ' pose_Tz_t3'];[' AU01_r_t5', ' AU01_r_t4', ' AU01_r_t3', ' AU02_r_t5', ' AU02_r_t4', ' AU02_r_t3', ' AU04_r_t5', ' AU04_r_t4', ' AU04_r_t3', ' AU05_r_t5', ' AU05_r_t4', ' AU05_r_t3', ' AU06_r_t5', ' AU06_r_t4', ' AU06_r_t3', ' AU07_r_t5', ' AU07_r_t4', ' AU07_r_t3', ' AU10_r_t5', ' AU10_r_t4', ' AU10_r_t3', ' AU12_r_t5', ' AU12_r_t4', ' AU12_r_t3', ' AU14_r_t5', ' AU14_r_t4', ' AU14_r_t3', ' AU15_r_t5', ' AU15_r_t4', ' AU15_r_t3', ' AU17_r_t5', ' AU17_r_t4', ' AU17_r_t3', ' AU20_r_t5', ' AU20_r_t4', ' AU20_r_t3', ' AU23_r_t5', ' AU23_r_t4', ' AU23_r_t3', ' AU25_r_t5', ' AU25_r_t4', ' AU25_r_t3', ' AU26_r_t5', ' AU26_r_t4', ' AU26_r_t3', ' pose_Rx_t5', ' pose_Rx_t4', ' pose_Rx_t3', ' pose_Ry_t5', ' pose_Ry_t4', ' pose_Ry_t3', ' pose_Rz_t5', ' pose_Rz_t4', ' pose_Rz_t3', ' pose_Tx_t5', ' pose_Tx_t4', ' pose_Tx_t3', ' pose_Ty_t5', ' pose_Ty_t4', ' pose_Ty_t3', ' pose_Tz_t5', ' pose_Tz_t4', ' pose_Tz_t3'];0.5497685185185185;0.5052480345710569;0.5110906666680864;0.0;0.0;0.0
Right Motor Cortex;None;{'learning_rate': 0.1, 'n_estimators': 10, 'max_depth': 5};{'speech_left_ts': ['SpeechActivity_left', 'talk_left']};['SpeechActivity_left_t5', 'SpeechActivity_left_t4', 'SpeechActivity_left_t3', 'talk_left_t5', 'talk_left_t4', 'talk_left_t3'];['SpeechActivity_left_t5', 'SpeechActivity_left_t4', 'SpeechActivity_left_t3', 'talk_left_t5', 'talk_left_t4', 'talk_left_t3'];0.5902777777777778;0.5861843328684333;0.5692815897831821;0.0;0.0;0.0
Right Motor Cortex;None;{'learning_rate': 0.1, 'n_estimators': 50, 'max_depth': 5};{'speech_left_ts': ['IPU_left', 'talk_left']};['IPU_left_t5', 'IPU_left_t4', 'IPU_left_t3', 'talk_left_t5', 'talk_left_t4', 'talk_left_t3'];['IPU_left_t5', 'IPU_left_t4', 'IPU_left_t3', 'talk_left_t5', 'talk_left_t4', 'talk_left_t3'];0.6296296296296297;0.6287828602191746;0.6291523664669241;0.0;0.0;0.0
Fusiform Gyrus;None;{'max_depth': 100, 'learning_rate': 0.1, 'n_estimators': 10};{'eyetracking_ts': ['Vx', 'Vy', 'saccades', 'Face', 'Mouth', 'Eyes'], 'facial_features_ts': [' AU01_r', ' AU02_r', ' AU04_r', ' AU05_r', ' AU06_r', ' AU07_r', ' AU10_r', ' AU12_r', ' AU14_r', ' AU15_r', ' AU17_r', ' AU20_r', ' AU23_r', ' AU25_r', ' AU26_r']};[' AU01_r_t5', ' AU01_r_t4', ' AU01_r_t3', ' AU02_r_t5', ' AU02_r_t4', ' AU02_r_t3', ' AU04_r_t5', ' AU04_r_t4', ' AU04_r_t3', ' AU05_r_t5', ' AU05_r_t4', ' AU05_r_t3', ' AU06_r_t5', ' AU06_r_t4', ' AU06_r_t3', ' AU07_r_t5', ' AU07_r_t4', ' AU07_r_t3', ' AU10_r_t5', ' AU10_r_t4', ' AU10_r_t3', ' AU12_r_t5', ' AU12_r_t4', ' AU12_r_t3', ' AU14_r_t5', ' AU14_r_t4', ' AU14_r_t3', ' AU15_r_t5', ' AU15_r_t4', ' AU15_r_t3', ' AU17_r_t5', ' AU17_r_t4', ' AU17_r_t3', ' AU20_r_t5', ' AU20_r_t4', ' AU20_r_t3', ' AU23_r_t5', ' AU23_r_t4', ' AU23_r_t3', ' AU25_r_t5', ' AU25_r_t4', ' AU25_r_t3', ' AU26_r_t5', ' AU26_r_t4', ' AU26_r_t3', 'Vx_t5', 'Vx_t4', 'Vx_t3', 'Vy_t5', 'Vy_t4', 'Vy_t3', 'saccades_t5', 'saccades_t4', 'saccades_t3', 'Face_t5', 'Face_t4', 'Face_t3', 'Mouth_t5', 'Mouth_t4', 'Mouth_t3', 'Eyes_t5', 'Eyes_t4', 'Eyes_t3'];[' AU01_r_t5', ' AU01_r_t4', ' AU01_r_t3', ' AU02_r_t5', ' AU02_r_t4', ' AU02_r_t3', ' AU04_r_t5', ' AU04_r_t4', ' AU04_r_t3', ' AU05_r_t5', ' AU05_r_t4', ' AU05_r_t3', ' AU06_r_t5', ' AU06_r_t4', ' AU06_r_t3', ' AU07_r_t5', ' AU07_r_t4', ' AU07_r_t3', ' AU10_r_t5', ' AU10_r_t4', ' AU10_r_t3', ' AU12_r_t5', ' AU12_r_t4', ' AU12_r_t3', ' AU14_r_t5', ' AU14_r_t4', ' AU14_r_t3', ' AU15_r_t5', ' AU15_r_t4', ' AU15_r_t3', ' AU17_r_t5', ' AU17_r_t4', ' AU17_r_t3', ' AU20_r_t5', ' AU20_r_t4', ' AU20_r_t3', ' AU23_r_t5', ' AU23_r_t4', ' AU23_r_t3', ' AU25_r_t5', ' AU25_r_t4', ' AU25_r_t3', ' AU26_r_t5', ' AU26_r_t4', ' AU26_r_t3', 'Vx_t5', 'Vx_t4', 'Vx_t3', 'Vy_t5', 'Vy_t4', 'Vy_t3', 'saccades_t5', 'saccades_t4', 'saccades_t3', 'Face_t5', 'Face_t4', 'Face_t3', 'Mouth_t5', 'Mouth_t4', 'Mouth_t3', 'Eyes_t5', 'Eyes_t4', 'Eyes_t3'];0.5590277777777778;0.5500112856493748;0.5533005210311687;0.0;0.0;0.0
Right Motor Cortex;None;{'learning_rate': 0.1, 'n_estimators': 10, 'max_depth': 5};{'speech_left_ts': ['IPU_left', 'Overlap_left']};['IPU_left_t5', 'IPU_left_t4', 'IPU_left_t3', 'Overlap_left_t5', 'Overlap_left_t4', 'Overlap_left_t3'];['IPU_left_t5', 'IPU_left_t4', 'IPU_left_t3', 'Overlap_left_t5', 'Overlap_left_t4', 'Overlap_left_t3'];0.6643518518518519;0.661377784343611;0.6600118719019462;0.0;0.0;0.0
Right Motor Cortex;None;{'learning_rate': 0.2, 'n_estimators': 10, 'max_depth': 5};{'speech_left_ts': ['IPU_left', 'Overlap_left', 'ReactionTime_left']};['IPU_left_t5', 'IPU_left_t4', 'IPU_left_t3', 'Overlap_left_t5', 'Overlap_left_t4', 'Overlap_left_t3', 'ReactionTime_left_t5', 'ReactionTime_left_t4', 'ReactionTime_left_t3'];['IPU_left_t5', 'IPU_left_t4', 'IPU_left_t3', 'Overlap_left_t5', 'Overlap_left_t4', 'Overlap_left_t3', 'ReactionTime_left_t5', 'ReactionTime_left_t4', 'ReactionTime_left_t3'];0.6550925925925926;0.6518792080409411;0.6523367628103955;0.0;0.0;0.0
Fusiform Gyrus;None;{'max_depth': 10, 'learning_rate': 0.3, 'n_estimators': 10};{'eyetracking_ts': ['Face'], 'facial_features_ts': [' pose_Rx', ' pose_Ry', ' pose_Rz', ' pose_Tx', ' pose_Ty', ' pose_Tz']};[' pose_Rx_t5', ' pose_Rx_t4', ' pose_Rx_t3', ' pose_Ry_t5', ' pose_Ry_t4', ' pose_Ry_t3', ' pose_Rz_t5', ' pose_Rz_t4', ' pose_Rz_t3', ' pose_Tx_t5', ' pose_Tx_t4', ' pose_Tx_t3', ' pose_Ty_t5', ' pose_Ty_t4', ' pose_Ty_t3', ' pose_Tz_t5', ' pose_Tz_t4', ' pose_Tz_t3', 'Face_t5', 'Face_t4', 'Face_t3'];[' pose_Rx_t5', ' pose_Rx_t4', ' pose_Rx_t3', ' pose_Ry_t5', ' pose_Ry_t4', ' pose_Ry_t3', ' pose_Rz_t5', ' pose_Rz_t4', ' pose_Rz_t3', ' pose_Tx_t5', ' pose_Tx_t4', ' pose_Tx_t3', ' pose_Ty_t5', ' pose_Ty_t4', ' pose_Ty_t3', ' pose_Tz_t5', ' pose_Tz_t4', ' pose_Tz_t3', 'Face_t5', 'Face_t4', 'Face_t3'];0.5706018518518519;0.5191995921099595;0.516718133650197;0.0;0.0;0.0
Left Superior Temporal Sulcus;None;{'learning_rate': 0.2, 'n_estimators': 10, 'max_depth': 5};{'speech_ts': ['IPU', 'FilledBreaks', 'Feedbacks', 'Discourses', 'Particles', 'Laughters']};['IPU_t5', 'IPU_t4', 'IPU_t3', 'FilledBreaks_t5', 'FilledBreaks_t4', 'FilledBreaks_t3', 'Feedbacks_t5', 'Feedbacks_t4', 'Feedbacks_t3', 'Discourses_t5', 'Discourses_t4', 'Discourses_t3', 'Particles_t5', 'Particles_t4', 'Particles_t3', 'Laughters_t5', 'Laughters_t4', 'Laughters_t3'];['IPU_t5', 'IPU_t4', 'IPU_t3', 'FilledBreaks_t5', 'FilledBreaks_t4', 'FilledBreaks_t3', 'Feedbacks_t5', 'Feedbacks_t4', 'Feedbacks_t3', 'Discourses_t5', 'Discourses_t4', 'Discourses_t3', 'Particles_t5', 'Particles_t4', 'Particles_t3', 'Laughters_t5', 'Laughters_t4', 'Laughters_t3'];0.7129629629629629;0.7029379823337982;0.7037608023635044;0.0;0.0;0.0
Right Superior Temporal Sulcus;None;{'max_depth': 5, 'learning_rate': 0.2, 'n_estimators': 50};{'speech_ts': ['IPU', 'FilledBreaks', 'Feedbacks', 'Discourses', 'Particles', 'Laughters']};['IPU_t5', 'IPU_t4', 'IPU_t3', 'FilledBreaks_t5', 'FilledBreaks_t4', 'FilledBreaks_t3', 'Feedbacks_t5', 'Feedbacks_t4', 'Feedbacks_t3', 'Discourses_t5', 'Discourses_t4', 'Discourses_t3', 'Particles_t5', 'Particles_t4', 'Particles_t3', 'Laughters_t5', 'Laughters_t4', 'Laughters_t3'];['IPU_t5', 'IPU_t4', 'IPU_t3', 'FilledBreaks_t5', 'FilledBreaks_t4', 'FilledBreaks_t3', 'Feedbacks_t5', 'Feedbacks_t4', 'Feedbacks_t3', 'Discourses_t5', 'Discourses_t4', 'Discourses_t3', 'Particles_t5', 'Particles_t4', 'Particles_t3', 'Laughters_t5', 'Laughters_t4', 'Laughters_t3'];0.6574074074074074;0.6511544011544012;0.6518512053998454;0.0;0.0;0.0
Left Superior Temporal Sulcus;None;{'learning_rate': 0.1, 'n_estimators': 50, 'max_depth': 5};{'facial_features_ts': [' AU01_r', ' AU02_r', ' AU04_r', ' AU05_r', ' AU06_r', ' AU07_r', ' AU10_r', ' AU12_r', ' AU14_r', ' AU15_r', ' AU17_r', ' AU20_r', ' AU23_r', ' AU25_r', ' AU26_r']};[' AU01_r_t5', ' AU01_r_t4', ' AU01_r_t3', ' AU02_r_t5', ' AU02_r_t4', ' AU02_r_t3', ' AU04_r_t5', ' AU04_r_t4', ' AU04_r_t3', ' AU05_r_t5', ' AU05_r_t4', ' AU05_r_t3', ' AU06_r_t5', ' AU06_r_t4', ' AU06_r_t3', ' AU07_r_t5', ' AU07_r_t4', ' AU07_r_t3', ' AU10_r_t5', ' AU10_r_t4', ' AU10_r_t3', ' AU12_r_t5', ' AU12_r_t4', ' AU12_r_t3', ' AU14_r_t5', ' AU14_r_t4', ' AU14_r_t3', ' AU15_r_t5', ' AU15_r_t4', ' AU15_r_t3', ' AU17_r_t5', ' AU17_r_t4', ' AU17_r_t3', ' AU20_r_t5', ' AU20_r_t4', ' AU20_r_t3', ' AU23_r_t5', ' AU23_r_t4', ' AU23_r_t3', ' AU25_r_t5', ' AU25_r_t4', ' AU25_r_t3', ' AU26_r_t5', ' AU26_r_t4', ' AU26_r_t3'];[' AU01_r_t5', ' AU01_r_t4', ' AU01_r_t3', ' AU02_r_t5', ' AU02_r_t4', ' AU02_r_t3', ' AU04_r_t5', ' AU04_r_t4', ' AU04_r_t3', ' AU05_r_t5', ' AU05_r_t4', ' AU05_r_t3', ' AU06_r_t5', ' AU06_r_t4', ' AU06_r_t3', ' AU07_r_t5', ' AU07_r_t4', ' AU07_r_t3', ' AU10_r_t5', ' AU10_r_t4', ' AU10_r_t3', ' AU12_r_t5', ' AU12_r_t4', ' AU12_r_t3', ' AU14_r_t5', ' AU14_r_t4', ' AU14_r_t3', ' AU15_r_t5', ' AU15_r_t4', ' AU15_r_t3', ' AU17_r_t5', ' AU17_r_t4', ' AU17_r_t3', ' AU20_r_t5', ' AU20_r_t4', ' AU20_r_t3', ' AU23_r_t5', ' AU23_r_t4', ' AU23_r_t3', ' AU25_r_t5', ' AU25_r_t4', ' AU25_r_t3', ' AU26_r_t5', ' AU26_r_t4', ' AU26_r_t3'];0.6504629629629629;0.6359371958837969;0.6171569537209749;0.0;0.0;0.0
Right Superior Temporal Sulcus;None;{'max_depth': 10, 'learning_rate': 0.2, 'n_estimators': 100};{'facial_features_ts': [' AU01_r', ' AU02_r', ' AU04_r', ' AU05_r', ' AU06_r', ' AU07_r', ' AU10_r', ' AU12_r', ' AU14_r', ' AU15_r', ' AU17_r', ' AU20_r', ' AU23_r', ' AU25_r', ' AU26_r']};[' AU01_r_t5', ' AU01_r_t4', ' AU01_r_t3', ' AU02_r_t5', ' AU02_r_t4', ' AU02_r_t3', ' AU04_r_t5', ' AU04_r_t4', ' AU04_r_t3', ' AU05_r_t5', ' AU05_r_t4', ' AU05_r_t3', ' AU06_r_t5', ' AU06_r_t4', ' AU06_r_t3', ' AU07_r_t5', ' AU07_r_t4', ' AU07_r_t3', ' AU10_r_t5', ' AU10_r_t4', ' AU10_r_t3', ' AU12_r_t5', ' AU12_r_t4', ' AU12_r_t3', ' AU14_r_t5', ' AU14_r_t4', ' AU14_r_t3', ' AU15_r_t5', ' AU15_r_t4', ' AU15_r_t3', ' AU17_r_t5', ' AU17_r_t4', ' AU17_r_t3', ' AU20_r_t5', ' AU20_r_t4', ' AU20_r_t3', ' AU23_r_t5', ' AU23_r_t4', ' AU23_r_t3', ' AU25_r_t5', ' AU25_r_t4', ' AU25_r_t3', ' AU26_r_t5', ' AU26_r_t4', ' AU26_r_t3'];[' AU01_r_t5', ' AU01_r_t4', ' AU01_r_t3', ' AU02_r_t5', ' AU02_r_t4', ' AU02_r_t3', ' AU04_r_t5', ' AU04_r_t4', ' AU04_r_t3', ' AU05_r_t5', ' AU05_r_t4', ' AU05_r_t3', ' AU06_r_t5', ' AU06_r_t4', ' AU06_r_t3', ' AU07_r_t5', ' AU07_r_t4', ' AU07_r_t3', ' AU10_r_t5', ' AU10_r_t4', ' AU10_r_t3', ' AU12_r_t5', ' AU12_r_t4', ' AU12_r_t3', ' AU14_r_t5', ' AU14_r_t4', ' AU14_r_t3', ' AU15_r_t5', ' AU15_r_t4', ' AU15_r_t3', ' AU17_r_t5', ' AU17_r_t4', ' AU17_r_t3', ' AU20_r_t5', ' AU20_r_t4', ' AU20_r_t3', ' AU23_r_t5', ' AU23_r_t4', ' AU23_r_t3', ' AU25_r_t5', ' AU25_r_t4', ' AU25_r_t3', ' AU26_r_t5', ' AU26_r_t4', ' AU26_r_t3'];0.6400462962962963;0.6213777973530894;0.5992229904203887;0.0;0.0;0.0
Left Superior Temporal Sulcus;None;{'learning_rate': 0.2, 'n_estimators': 10, 'max_depth': 5};{'speech_ts': ['IPU']};['IPU_t5', 'IPU_t4', 'IPU_t3'];['IPU_t5', 'IPU_t4', 'IPU_t3'];0.6793981481481481;0.6712444662676144;0.6718044518843652;0.0;0.0;0.0
Right Superior Temporal Sulcus;None;{'max_depth': 5, 'learning_rate': 0.1, 'n_estimators': 50};{'speech_ts': ['IPU']};['IPU_t5', 'IPU_t4', 'IPU_t3'];['IPU_t5', 'IPU_t4', 'IPU_t3'];0.6527777777777778;0.6484301089630149;0.6413788866619056;0.0;0.0;0.0
Left Superior Temporal Sulcus;None;{'learning_rate': 0.4, 'n_estimators': 100, 'max_depth': 10};{'speech_left_ts': ['IPU_left']};['IPU_left_t5', 'IPU_left_t4', 'IPU_left_t3'];['IPU_left_t5', 'IPU_left_t4', 'IPU_left_t3'];0.5601851851851852;0.5186819655863398;0.5205380518672023;0.0;0.0;0.0
Right Superior Temporal Sulcus;None;{'max_depth': 10, 'learning_rate': 0.2, 'n_estimators': 10};{'speech_left_ts': ['IPU_left']};['IPU_left_t5', 'IPU_left_t4', 'IPU_left_t3'];['IPU_left_t5', 'IPU_left_t4', 'IPU_left_t3'];0.5509259259259259;0.5069672505017332;0.5059461372493839;0.0;0.0;0.0
Left Superior Temporal Sulcus;None;{'learning_rate': 0.1, 'n_estimators': 10, 'max_depth': 5};{'speech_left_ts': ['talk_left']};['talk_left_t5', 'talk_left_t4', 'talk_left_t3'];['talk_left_t5', 'talk_left_t4', 'talk_left_t3'];0.6053240740740741;0.3664172346536351;0.45650251008037607;0.0;0.0;0.0
Right Superior Temporal Sulcus;None;{'max_depth': 5, 'learning_rate': 0.1, 'n_estimators': 10};{'speech_left_ts': ['talk_left']};['talk_left_t5', 'talk_left_t4', 'talk_left_t3'];['talk_left_t5', 'talk_left_t4', 'talk_left_t3'];0.5983796296296297;0.35805818115569277;0.44802645694209775;0.0;0.0;0.0
Left Superior Temporal Sulcus;None;{'learning_rate': 0.1, 'n_estimators': 50, 'max_depth': 5};{'speech_ts': ['talk']};['talk_t5', 'talk_t4', 'talk_t3'];['talk_t5', 'talk_t4', 'talk_t3'];0.65625;0.6444991262335527;0.6472551718239846;0.0;0.0;0.0
Right Superior Temporal Sulcus;None;{'max_depth': 5, 'learning_rate': 0.1, 'n_estimators': 50};{'speech_ts': ['talk']};['talk_t5', 'talk_t4', 'talk_t3'];['talk_t5', 'talk_t4', 'talk_t3'];0.6701388888888888;0.6634144254750474;0.6628499552113264;0.0;0.0;0.0
Left Superior Temporal Sulcus;None;{'learning_rate': 0.1, 'n_estimators': 50, 'max_depth': 5};{'facial_features_ts': [' AU01_r', ' AU02_r', ' AU04_r', ' AU05_r', ' AU06_r', ' AU07_r', ' AU10_r', ' AU12_r', ' AU14_r', ' AU15_r', ' AU17_r', ' AU20_r', ' AU23_r', ' AU25_r', ' AU26_r'], 'speech_ts': ['IPU', 'FilledBreaks', 'Feedbacks', 'Discourses', 'Particles', 'Laughters']};[' AU01_r_t5', ' AU01_r_t4', ' AU01_r_t3', ' AU02_r_t5', ' AU02_r_t4', ' AU02_r_t3', ' AU04_r_t5', ' AU04_r_t4', ' AU04_r_t3', ' AU05_r_t5', ' AU05_r_t4', ' AU05_r_t3', ' AU06_r_t5', ' AU06_r_t4', ' AU06_r_t3', ' AU07_r_t5', ' AU07_r_t4', ' AU07_r_t3', ' AU10_r_t5', ' AU10_r_t4', ' AU10_r_t3', ' AU12_r_t5', ' AU12_r_t4', ' AU12_r_t3', ' AU14_r_t5', ' AU14_r_t4', ' AU14_r_t3', ' AU15_r_t5', ' AU15_r_t4', ' AU15_r_t3', ' AU17_r_t5', ' AU17_r_t4', ' AU17_r_t3', ' AU20_r_t5', ' AU20_r_t4', ' AU20_r_t3', ' AU23_r_t5', ' AU23_r_t4', ' AU23_r_t3', ' AU25_r_t5', ' AU25_r_t4', ' AU25_r_t3', ' AU26_r_t5', ' AU26_r_t4', ' AU26_r_t3', 'IPU_t5', 'IPU_t4', 'IPU_t3', 'FilledBreaks_t5', 'FilledBreaks_t4', 'FilledBreaks_t3', 'Feedbacks_t5', 'Feedbacks_t4', 'Feedbacks_t3', 'Discourses_t5', 'Discourses_t4', 'Discourses_t3', 'Particles_t5', 'Particles_t4', 'Particles_t3', 'Laughters_t5', 'Laughters_t4', 'Laughters_t3'];[' AU01_r_t5', ' AU01_r_t4', ' AU01_r_t3', ' AU02_r_t5', ' AU02_r_t4', ' AU02_r_t3', ' AU04_r_t5', ' AU04_r_t4', ' AU04_r_t3', ' AU05_r_t5', ' AU05_r_t4', ' AU05_r_t3', ' AU06_r_t5', ' AU06_r_t4', ' AU06_r_t3', ' AU07_r_t5', ' AU07_r_t4', ' AU07_r_t3', ' AU10_r_t5', ' AU10_r_t4', ' AU10_r_t3', ' AU12_r_t5', ' AU12_r_t4', ' AU12_r_t3', ' AU14_r_t5', ' AU14_r_t4', ' AU14_r_t3', ' AU15_r_t5', ' AU15_r_t4', ' AU15_r_t3', ' AU17_r_t5', ' AU17_r_t4', ' AU17_r_t3', ' AU20_r_t5', ' AU20_r_t4', ' AU20_r_t3', ' AU23_r_t5', ' AU23_r_t4', ' AU23_r_t3', ' AU25_r_t5', ' AU25_r_t4', ' AU25_r_t3', ' AU26_r_t5', ' AU26_r_t4', ' AU26_r_t3', 'IPU_t5', 'IPU_t4', 'IPU_t3', 'FilledBreaks_t5', 'FilledBreaks_t4', 'FilledBreaks_t3', 'Feedbacks_t5', 'Feedbacks_t4', 'Feedbacks_t3', 'Discourses_t5', 'Discourses_t4', 'Discourses_t3', 'Particles_t5', 'Particles_t4', 'Particles_t3', 'Laughters_t5', 'Laughters_t4', 'Laughters_t3'];0.6921296296296297;0.6858056866729392;0.6812700045724738;0.0;0.0;0.0
Right Superior Temporal Sulcus;None;{'max_depth': 5, 'learning_rate': 0.2, 'n_estimators': 50};{'facial_features_ts': [' AU01_r', ' AU02_r', ' AU04_r', ' AU05_r', ' AU06_r', ' AU07_r', ' AU10_r', ' AU12_r', ' AU14_r', ' AU15_r', ' AU17_r', ' AU20_r', ' AU23_r', ' AU25_r', ' AU26_r'], 'speech_ts': ['IPU', 'FilledBreaks', 'Feedbacks', 'Discourses', 'Particles', 'Laughters']};[' AU01_r_t5', ' AU01_r_t4', ' AU01_r_t3', ' AU02_r_t5', ' AU02_r_t4', ' AU02_r_t3', ' AU04_r_t5', ' AU04_r_t4', ' AU04_r_t3', ' AU05_r_t5', ' AU05_r_t4', ' AU05_r_t3', ' AU06_r_t5', ' AU06_r_t4', ' AU06_r_t3', ' AU07_r_t5', ' AU07_r_t4', ' AU07_r_t3', ' AU10_r_t5', ' AU10_r_t4', ' AU10_r_t3', ' AU12_r_t5', ' AU12_r_t4', ' AU12_r_t3', ' AU14_r_t5', ' AU14_r_t4', ' AU14_r_t3', ' AU15_r_t5', ' AU15_r_t4', ' AU15_r_t3', ' AU17_r_t5', ' AU17_r_t4', ' AU17_r_t3', ' AU20_r_t5', ' AU20_r_t4', ' AU20_r_t3', ' AU23_r_t5', ' AU23_r_t4', ' AU23_r_t3', ' AU25_r_t5', ' AU25_r_t4', ' AU25_r_t3', ' AU26_r_t5', ' AU26_r_t4', ' AU26_r_t3', 'IPU_t5', 'IPU_t4', 'IPU_t3', 'FilledBreaks_t5', 'FilledBreaks_t4', 'FilledBreaks_t3', 'Feedbacks_t5', 'Feedbacks_t4', 'Feedbacks_t3', 'Discourses_t5', 'Discourses_t4', 'Discourses_t3', 'Particles_t5', 'Particles_t4', 'Particles_t3', 'Laughters_t5', 'Laughters_t4', 'Laughters_t3'];[' AU01_r_t5', ' AU01_r_t4', ' AU01_r_t3', ' AU02_r_t5', ' AU02_r_t4', ' AU02_r_t3', ' AU04_r_t5', ' AU04_r_t4', ' AU04_r_t3', ' AU05_r_t5', ' AU05_r_t4', ' AU05_r_t3', ' AU06_r_t5', ' AU06_r_t4', ' AU06_r_t3', ' AU07_r_t5', ' AU07_r_t4', ' AU07_r_t3', ' AU10_r_t5', ' AU10_r_t4', ' AU10_r_t3', ' AU12_r_t5', ' AU12_r_t4', ' AU12_r_t3', ' AU14_r_t5', ' AU14_r_t4', ' AU14_r_t3', ' AU15_r_t5', ' AU15_r_t4', ' AU15_r_t3', ' AU17_r_t5', ' AU17_r_t4', ' AU17_r_t3', ' AU20_r_t5', ' AU20_r_t4', ' AU20_r_t3', ' AU23_r_t5', ' AU23_r_t4', ' AU23_r_t3', ' AU25_r_t5', ' AU25_r_t4', ' AU25_r_t3', ' AU26_r_t5', ' AU26_r_t4', ' AU26_r_t3', 'IPU_t5', 'IPU_t4', 'IPU_t3', 'FilledBreaks_t5', 'FilledBreaks_t4', 'FilledBreaks_t3', 'Feedbacks_t5', 'Feedbacks_t4', 'Feedbacks_t3', 'Discourses_t5', 'Discourses_t4', 'Discourses_t3', 'Particles_t5', 'Particles_t4', 'Particles_t3', 'Laughters_t5', 'Laughters_t4', 'Laughters_t3'];0.6805555555555556;0.6736340300696737;0.6699371281964532;0.0;0.0;0.0
Left Superior Temporal Sulcus;None;{'learning_rate': 0.1, 'n_estimators': 50, 'max_depth': 5};{'facial_features_ts': [' AU01_r', ' AU02_r', ' AU04_r', ' AU05_r', ' AU06_r', ' AU07_r', ' AU10_r', ' AU12_r', ' AU14_r', ' AU15_r', ' AU17_r', ' AU20_r', ' AU23_r', ' AU25_r', ' AU26_r'], 'speech_ts': ['IPU']};[' AU01_r_t5', ' AU01_r_t4', ' AU01_r_t3', ' AU02_r_t5', ' AU02_r_t4', ' AU02_r_t3', ' AU04_r_t5', ' AU04_r_t4', ' AU04_r_t3', ' AU05_r_t5', ' AU05_r_t4', ' AU05_r_t3', ' AU06_r_t5', ' AU06_r_t4', ' AU06_r_t3', ' AU07_r_t5', ' AU07_r_t4', ' AU07_r_t3', ' AU10_r_t5', ' AU10_r_t4', ' AU10_r_t3', ' AU12_r_t5', ' AU12_r_t4', ' AU12_r_t3', ' AU14_r_t5', ' AU14_r_t4', ' AU14_r_t3', ' AU15_r_t5', ' AU15_r_t4', ' AU15_r_t3', ' AU17_r_t5', ' AU17_r_t4', ' AU17_r_t3', ' AU20_r_t5', ' AU20_r_t4', ' AU20_r_t3', ' AU23_r_t5', ' AU23_r_t4', ' AU23_r_t3', ' AU25_r_t5', ' AU25_r_t4', ' AU25_r_t3', ' AU26_r_t5', ' AU26_r_t4', ' AU26_r_t3', 'IPU_t5', 'IPU_t4', 'IPU_t3'];[' AU01_r_t5', ' AU01_r_t4', ' AU01_r_t3', ' AU02_r_t5', ' AU02_r_t4', ' AU02_r_t3', ' AU04_r_t5', ' AU04_r_t4', ' AU04_r_t3', ' AU05_r_t5', ' AU05_r_t4', ' AU05_r_t3', ' AU06_r_t5', ' AU06_r_t4', ' AU06_r_t3', ' AU07_r_t5', ' AU07_r_t4', ' AU07_r_t3', ' AU10_r_t5', ' AU10_r_t4', ' AU10_r_t3', ' AU12_r_t5', ' AU12_r_t4', ' AU12_r_t3', ' AU14_r_t5', ' AU14_r_t4', ' AU14_r_t3', ' AU15_r_t5', ' AU15_r_t4', ' AU15_r_t3', ' AU17_r_t5', ' AU17_r_t4', ' AU17_r_t3', ' AU20_r_t5', ' AU20_r_t4', ' AU20_r_t3', ' AU23_r_t5', ' AU23_r_t4', ' AU23_r_t3', ' AU25_r_t5', ' AU25_r_t4', ' AU25_r_t3', ' AU26_r_t5', ' AU26_r_t4', ' AU26_r_t3', 'IPU_t5', 'IPU_t4', 'IPU_t3'];0.6782407407407407;0.6684826829960696;0.6643639936682676;0.0;0.0;0.0
Right Superior Temporal Sulcus;None;{'max_depth': 5, 'learning_rate': 0.2, 'n_estimators': 10};{'facial_features_ts': [' AU01_r', ' AU02_r', ' AU04_r', ' AU05_r', ' AU06_r', ' AU07_r', ' AU10_r', ' AU12_r', ' AU14_r', ' AU15_r', ' AU17_r', ' AU20_r', ' AU23_r', ' AU25_r', ' AU26_r'], 'speech_ts': ['IPU']};[' AU01_r_t5', ' AU01_r_t4', ' AU01_r_t3', ' AU02_r_t5', ' AU02_r_t4', ' AU02_r_t3', ' AU04_r_t5', ' AU04_r_t4', ' AU04_r_t3', ' AU05_r_t5', ' AU05_r_t4', ' AU05_r_t3', ' AU06_r_t5', ' AU06_r_t4', ' AU06_r_t3', ' AU07_r_t5', ' AU07_r_t4', ' AU07_r_t3', ' AU10_r_t5', ' AU10_r_t4', ' AU10_r_t3', ' AU12_r_t5', ' AU12_r_t4', ' AU12_r_t3', ' AU14_r_t5', ' AU14_r_t4', ' AU14_r_t3', ' AU15_r_t5', ' AU15_r_t4', ' AU15_r_t3', ' AU17_r_t5', ' AU17_r_t4', ' AU17_r_t3', ' AU20_r_t5', ' AU20_r_t4', ' AU20_r_t3', ' AU23_r_t5', ' AU23_r_t4', ' AU23_r_t3', ' AU25_r_t5', ' AU25_r_t4', ' AU25_r_t3', ' AU26_r_t5', ' AU26_r_t4', ' AU26_r_t3', 'IPU_t5', 'IPU_t4', 'IPU_t3'];[' AU01_r_t5', ' AU01_r_t4', ' AU01_r_t3', ' AU02_r_t5', ' AU02_r_t4', ' AU02_r_t3', ' AU04_r_t5', ' AU04_r_t4', ' AU04_r_t3', ' AU05_r_t5', ' AU05_r_t4', ' AU05_r_t3', ' AU06_r_t5', ' AU06_r_t4', ' AU06_r_t3', ' AU07_r_t5', ' AU07_r_t4', ' AU07_r_t3', ' AU10_r_t5', ' AU10_r_t4', ' AU10_r_t3', ' AU12_r_t5', ' AU12_r_t4', ' AU12_r_t3', ' AU14_r_t5', ' AU14_r_t4', ' AU14_r_t3', ' AU15_r_t5', ' AU15_r_t4', ' AU15_r_t3', ' AU17_r_t5', ' AU17_r_t4', ' AU17_r_t3', ' AU20_r_t5', ' AU20_r_t4', ' AU20_r_t3', ' AU23_r_t5', ' AU23_r_t4', ' AU23_r_t3', ' AU25_r_t5', ' AU25_r_t4', ' AU25_r_t3', ' AU26_r_t5', ' AU26_r_t4', ' AU26_r_t3', 'IPU_t5', 'IPU_t4', 'IPU_t3'];0.6736111111111112;0.6653603573680537;0.6640233905532968;0.0;0.0;0.0
Left Superior Temporal Sulcus;None;{'learning_rate': 0.2, 'n_estimators': 10, 'max_depth': 5};{'speech_ts': ['Signal']};['Signal_t5', 'Signal_t4', 'Signal_t3'];['Signal_t5', 'Signal_t4', 'Signal_t3'];0.6759259259259259;0.6686921296296297;0.6551670113429843;0.0;0.0;0.0
Right Superior Temporal Sulcus;None;{'max_depth': 5, 'learning_rate': 0.2, 'n_estimators': 10};{'speech_ts': ['Signal']};['Signal_t5', 'Signal_t4', 'Signal_t3'];['Signal_t5', 'Signal_t4', 'Signal_t3'];0.6817129629629629;0.6754987490875861;0.6768750900069387;0.0;0.0;0.0
Left Superior Temporal Sulcus;None;{'learning_rate': 0.1, 'n_estimators': 50, 'max_depth': 5};{'speech_ts': ['IPU', 'Signal']};['IPU_t5', 'IPU_t4', 'IPU_t3', 'Signal_t5', 'Signal_t4', 'Signal_t3'];['IPU_t5', 'IPU_t4', 'IPU_t3', 'Signal_t5', 'Signal_t4', 'Signal_t3'];0.6851851851851852;0.676649968868512;0.6761920837760104;0.0;0.0;0.0
Right Superior Temporal Sulcus;None;{'max_depth': 5, 'learning_rate': 0.3, 'n_estimators': 10};{'speech_ts': ['IPU', 'Signal']};['IPU_t5', 'IPU_t4', 'IPU_t3', 'Signal_t5', 'Signal_t4', 'Signal_t3'];['IPU_t5', 'IPU_t4', 'IPU_t3', 'Signal_t5', 'Signal_t4', 'Signal_t3'];0.6388888888888888;0.6312213995185861;0.6299698982868867;0.0;0.0;0.0
Left Superior Temporal Sulcus;None;{'learning_rate': 0.2, 'n_estimators': 10, 'max_depth': 10};{'speech_left_ts': ['Signal_left']};['Signal_left_t5', 'Signal_left_t4', 'Signal_left_t3'];['Signal_left_t5', 'Signal_left_t4', 'Signal_left_t3'];0.6122685185185185;0.5793579825330397;0.572360917995069;0.0;0.0;0.0
Right Superior Temporal Sulcus;None;{'max_depth': 10, 'learning_rate': 0.3, 'n_estimators': 50};{'speech_left_ts': ['Signal_left']};['Signal_left_t5', 'Signal_left_t4', 'Signal_left_t3'];['Signal_left_t5', 'Signal_left_t4', 'Signal_left_t3'];0.5613425925925926;0.5511548549912252;0.5553811567791891;0.0;0.0;0.0
Left Superior Temporal Sulcus;None;{'learning_rate': 0.4, 'n_estimators': 100, 'max_depth': 5};{'speech_left_ts': ['IPU_left', 'Signal_left']};['IPU_left_t5', 'IPU_left_t4', 'IPU_left_t3', 'Signal_left_t5', 'Signal_left_t4', 'Signal_left_t3'];['IPU_left_t5', 'IPU_left_t4', 'IPU_left_t3', 'Signal_left_t5', 'Signal_left_t4', 'Signal_left_t3'];0.5532407407407407;0.53147499664421;0.5371383198866075;0.0;0.0;0.0
Right Superior Temporal Sulcus;None;{'max_depth': 10, 'learning_rate': 0.2, 'n_estimators': 50};{'speech_left_ts': ['IPU_left', 'Signal_left']};['IPU_left_t5', 'IPU_left_t4', 'IPU_left_t3', 'Signal_left_t5', 'Signal_left_t4', 'Signal_left_t3'];['IPU_left_t5', 'IPU_left_t4', 'IPU_left_t3', 'Signal_left_t5', 'Signal_left_t4', 'Signal_left_t3'];0.5567129629629629;0.5390122662060909;0.543363101589848;0.0;0.0;0.0
Left Superior Temporal Sulcus;None;{'learning_rate': 0.1, 'n_estimators': 50, 'max_depth': 5};{'speech_ts': ['IPU', 'FilledBreaks', 'Feedbacks', 'Discourses', 'Particles', 'Laughters', 'Polarity', 'Subjectivity', 'LexicalRichness1', 'LexicalRichness2']};['IPU_t5', 'IPU_t4', 'IPU_t3', 'FilledBreaks_t5', 'FilledBreaks_t4', 'FilledBreaks_t3', 'Feedbacks_t5', 'Feedbacks_t4', 'Feedbacks_t3', 'Discourses_t5', 'Discourses_t4', 'Discourses_t3', 'Particles_t5', 'Particles_t4', 'Particles_t3', 'Laughters_t5', 'Laughters_t4', 'Laughters_t3', 'Polarity_t5', 'Polarity_t4', 'Polarity_t3', 'Subjectivity_t5', 'Subjectivity_t4', 'Subjectivity_t3', 'LexicalRichness1_t5', 'LexicalRichness1_t4', 'LexicalRichness1_t3', 'LexicalRichness2_t5', 'LexicalRichness2_t4', 'LexicalRichness2_t3'];['IPU_t5', 'IPU_t4', 'IPU_t3', 'FilledBreaks_t5', 'FilledBreaks_t4', 'FilledBreaks_t3', 'Feedbacks_t5', 'Feedbacks_t4', 'Feedbacks_t3', 'Discourses_t5', 'Discourses_t4', 'Discourses_t3', 'Particles_t5', 'Particles_t4', 'Particles_t3', 'Laughters_t5', 'Laughters_t4', 'Laughters_t3', 'Polarity_t5', 'Polarity_t4', 'Polarity_t3', 'Subjectivity_t5', 'Subjectivity_t4', 'Subjectivity_t3', 'LexicalRichness1_t5', 'LexicalRichness1_t4', 'LexicalRichness1_t3', 'LexicalRichness2_t5', 'LexicalRichness2_t4', 'LexicalRichness2_t3'];0.7002314814814815;0.6975771065576267;0.6893509387943304;0.0;0.0;0.0
Right Superior Temporal Sulcus;None;{'max_depth': 5, 'learning_rate': 0.2, 'n_estimators': 10};{'speech_ts': ['IPU', 'FilledBreaks', 'Feedbacks', 'Discourses', 'Particles', 'Laughters', 'Polarity', 'Subjectivity', 'LexicalRichness1', 'LexicalRichness2']};['IPU_t5', 'IPU_t4', 'IPU_t3', 'FilledBreaks_t5', 'FilledBreaks_t4', 'FilledBreaks_t3', 'Feedbacks_t5', 'Feedbacks_t4', 'Feedbacks_t3', 'Discourses_t5', 'Discourses_t4', 'Discourses_t3', 'Particles_t5', 'Particles_t4', 'Particles_t3', 'Laughters_t5', 'Laughters_t4', 'Laughters_t3', 'Polarity_t5', 'Polarity_t4', 'Polarity_t3', 'Subjectivity_t5', 'Subjectivity_t4', 'Subjectivity_t3', 'LexicalRichness1_t5', 'LexicalRichness1_t4', 'LexicalRichness1_t3', 'LexicalRichness2_t5', 'LexicalRichness2_t4', 'LexicalRichness2_t3'];['IPU_t5', 'IPU_t4', 'IPU_t3', 'FilledBreaks_t5', 'FilledBreaks_t4', 'FilledBreaks_t3', 'Feedbacks_t5', 'Feedbacks_t4', 'Feedbacks_t3', 'Discourses_t5', 'Discourses_t4', 'Discourses_t3', 'Particles_t5', 'Particles_t4', 'Particles_t3', 'Laughters_t5', 'Laughters_t4', 'Laughters_t3', 'Polarity_t5', 'Polarity_t4', 'Polarity_t3', 'Subjectivity_t5', 'Subjectivity_t4', 'Subjectivity_t3', 'LexicalRichness1_t5', 'LexicalRichness1_t4', 'LexicalRichness1_t3', 'LexicalRichness2_t5', 'LexicalRichness2_t4', 'LexicalRichness2_t3'];0.6423611111111112;0.6395751477823793;0.6204247706216209;0.0;0.0;0.0
Left Superior Temporal Sulcus;None;{'learning_rate': 0.2, 'n_estimators': 10, 'max_depth': 5};{'speech_ts': ['IPU', 'FilledBreaks', 'Feedbacks', 'Discourses', 'Particles', 'Laughters', 'Polarity', 'Subjectivity']};['IPU_t5', 'IPU_t4', 'IPU_t3', 'FilledBreaks_t5', 'FilledBreaks_t4', 'FilledBreaks_t3', 'Feedbacks_t5', 'Feedbacks_t4', 'Feedbacks_t3', 'Discourses_t5', 'Discourses_t4', 'Discourses_t3', 'Particles_t5', 'Particles_t4', 'Particles_t3', 'Laughters_t5', 'Laughters_t4', 'Laughters_t3', 'Polarity_t5', 'Polarity_t4', 'Polarity_t3', 'Subjectivity_t5', 'Subjectivity_t4', 'Subjectivity_t3'];['IPU_t5', 'IPU_t4', 'IPU_t3', 'FilledBreaks_t5', 'FilledBreaks_t4', 'FilledBreaks_t3', 'Feedbacks_t5', 'Feedbacks_t4', 'Feedbacks_t3', 'Discourses_t5', 'Discourses_t4', 'Discourses_t3', 'Particles_t5', 'Particles_t4', 'Particles_t3', 'Laughters_t5', 'Laughters_t4', 'Laughters_t3', 'Polarity_t5', 'Polarity_t4', 'Polarity_t3', 'Subjectivity_t5', 'Subjectivity_t4', 'Subjectivity_t3'];0.6990740740740741;0.6891552669833874;0.6886366653391742;0.0;0.0;0.0
Right Superior Temporal Sulcus;None;{'max_depth': 5, 'learning_rate': 0.3, 'n_estimators': 10};{'speech_ts': ['IPU', 'FilledBreaks', 'Feedbacks', 'Discourses', 'Particles', 'Laughters', 'Polarity', 'Subjectivity']};['IPU_t5', 'IPU_t4', 'IPU_t3', 'FilledBreaks_t5', 'FilledBreaks_t4', 'FilledBreaks_t3', 'Feedbacks_t5', 'Feedbacks_t4', 'Feedbacks_t3', 'Discourses_t5', 'Discourses_t4', 'Discourses_t3', 'Particles_t5', 'Particles_t4', 'Particles_t3', 'Laughters_t5', 'Laughters_t4', 'Laughters_t3', 'Polarity_t5', 'Polarity_t4', 'Polarity_t3', 'Subjectivity_t5', 'Subjectivity_t4', 'Subjectivity_t3'];['IPU_t5', 'IPU_t4', 'IPU_t3', 'FilledBreaks_t5', 'FilledBreaks_t4', 'FilledBreaks_t3', 'Feedbacks_t5', 'Feedbacks_t4', 'Feedbacks_t3', 'Discourses_t5', 'Discourses_t4', 'Discourses_t3', 'Particles_t5', 'Particles_t4', 'Particles_t3', 'Laughters_t5', 'Laughters_t4', 'Laughters_t3', 'Polarity_t5', 'Polarity_t4', 'Polarity_t3', 'Subjectivity_t5', 'Subjectivity_t4', 'Subjectivity_t3'];0.6932870370370371;0.6871781437377747;0.688625360602446;0.0;0.0;0.0
